timestamp,Th_ENB1,Delay_ENB1,Loss_ENB1,UE_ENB1,RSRP_ENB1,SINR_ENB1,Load_ENB1,Th_ENB2,Delay_ENB2,Loss_ENB2,UE_ENB2,RSRP_ENB2,SINR_ENB2,Load_ENB2,Th_ENB3,Delay_ENB3,Loss_ENB3,UE_ENB3,RSRP_ENB3,SINR_ENB3,Load_ENB3,Th_ENB4,Delay_ENB4,Loss_ENB4,UE_ENB4,RSRP_ENB4,SINR_ENB4,Load_ENB4,Th_ENB5,Delay_ENB5,Loss_ENB5,UE_ENB5,RSRP_ENB5,SINR_ENB5,Load_ENB5,Th_ENB6,Delay_ENB6,Loss_ENB6,UE_ENB6,RSRP_ENB6,SINR_ENB6,Load_ENB6
1,149.864,24.9165,0.00511185,298.558,-90.1247,29.9599,0.649561,160.57,26.8799,0.00751423,320.37,-88.2721,30,0.676705,154.13,26.1796,0.00646563,311.234,-92.1172,27.8793,0.621842,157.88,27.8488,0.00899518,328.138,-86.7544,30,0.701625,151.623,25.008,0.00554671,288.739,-90.7182,26.0825,0.604395,156.79,27.0392,0.00742187,308.354,-89.1824,29.8636,0.668253
2,149.777,24.9085,0.00532874,299.427,-90.1314,30,0.646409,160.604,26.8298,0.00798689,321.089,-88.1808,30,0.683155,155.414,26.0916,0.00627127,308.296,-92.0849,27.8848,0.623631,158.247,27.9324,0.00856356,329.244,-87.1049,30,0.701376,152.774,24.9889,0.00511959,290.853,-90.8435,26.0184,0.60271,155.988,27.0091,0.00692754,308.102,-89.2353,29.8594,0.671364
3,149.629,25.0034,0.00540757,298.997,-90.0538,30,0.647288,159.154,26.9159,0.00716122,321.719,-87.8151,30,0.683715,155.607,25.8746,0.00639256,310.157,-91.8155,28.1188,0.61818,157.22,27.8912,0.00892711,331.272,-86.7836,30,0.700107,151.835,24.8888,0.00511987,289.35,-90.7343,25.947,0.600188,156.406,26.9455,0.00747178,311.85,-89.1489,29.9992,0.668009
4,149.57,24.8148,0.00510956,300.011,-90.2691,29.9336,0.654083,159.479,26.858,0.00748945,321.943,-88.1548,30,0.682616,154.475,26.0913,0.00586778,310.529,-91.9199,28.0107,0.615903,158.671,27.9283,0.00868652,328.163,-86.9455,30,0.695166,152.024,24.8906,0.00564517,288.697,-90.8854,25.966,0.604367,155.275,26.9364,0.00661347,311.699,-88.7736,29.9274,0.6716
5,150.634,25.0221,0.00502965,298.967,-90.2441,30,0.654004,160.266,26.9356,0.00734921,320.904,-87.7617,30,0.682799,155.284,25.8337,0.00566163,311.594,-91.9361,27.8528,0.616015,158.327,27.802,0.00866081,330.195,-86.8849,30,0.697243,152.424,24.8949,0.0053254,290.986,-90.9102,26.1048,0.601576,156.137,26.8375,0.00686772,309.061,-89.1536,30,0.668931
6,150.784,25.0525,0.00529481,300.011,-89.9539,29.9978,0.646952,160.445,26.9123,0.00702432,320.582,-88.1937,30,0.684539,155.83,25.9481,0.00551546,311.713,-92.0431,28.14,0.624636,158.706,27.9178,0.0088851,331.405,-87.1098,30,0.700568,152.872,25.0784,0.00557006,288.389,-90.931,26.147,0.596401,156.037,27.1509,0.00724077,310.788,-88.8785,29.9578,0.667936
7,150.619,25.124,0.00536707,301.653,-89.9932,30,0.652983,160.3,27.0808,0.00779579,321.56,-88.0972,30,0.67594,155.157,25.8144,0.0059656,310.171,-92.1281,28.0272,0.615305,157.075,28.129,0.00886019,328.508,-86.9867,30,0.697158,152.246,24.8341,0.00505168,290.125,-90.9756,26.0412,0.602261,156.952,27.0065,0.00682296,311.181,-89.1375,29.9817,0.665785
8,149.051,25.1851,0.00533598,300.784,-90.0546,29.902,0.646564,159.5,27.0197,0.0077146,320.641,-88.132,30,0.682379,155.109,26.0447,0.0059196,308.991,-92.0864,28.0774,0.615144,157.232,27.8184,0.00854073,331.422,-86.8778,30,0.695978,151.983,24.9894,0.0051732,289.735,-91.0609,26.0348,0.601351,155.091,26.9498,0.00712586,310.013,-88.7861,30,0.666629
9,149.141,25.057,0.00452651,300.343,-89.7359,30,0.648882,160.287,26.9833,0.00754562,321.766,-88.0683,30,0.684054,154.392,25.8277,0.00560078,308.073,-92.2433,28.0549,0.615712,157.638,28.138,0.00852327,331.258,-87.1309,30,0.701967,152.258,25.151,0.00573507,291.214,-91.1308,25.9032,0.602506,156.614,27.1962,0.00691262,309.488,-88.8342,29.9522,0.674308
10,150.717,24.9716,0.00525087,301.018,-90.2381,30,0.650053,160.653,26.928,0.00789552,319.557,-88.2935,30,0.675913,154.639,26.18,0.00645061,310.294,-91.9209,27.9845,0.617932,157.657,28.069,0.00925237,331.166,-86.8262,30,0.699944,151.115,25.0198,0.00544153,291.551,-91.0895,25.8851,0.59643,156.523,27.0473,0.00660112,308.336,-88.8794,29.8718,0.673219
11,150.412,24.8325,0.00458484,301.947,-90.0754,29.9612,0.653128,160.894,27.1944,0.00775338,319.505,-88.2499,30,0.680584,154.848,26.1625,0.0056112,309.971,-92.2932,27.9906,0.615563,157.238,27.847,0.00914921,330.984,-86.95,30,0.698749,151.571,25.1474,0.0052236,291.853,-91.2927,26.141,0.595432,156.782,27.0111,0.00749296,308.295,-88.9677,30,0.670231
12,150.259,25.0783,0.00495454,300.51,-89.9494,30,0.645454,159.562,27.1802,0.00789026,319.823,-87.9279,30,0.676881,154.927,25.9413,0.00608366,308.311,-91.7154,28.1459,0.621982,158.072,27.9238,0.0093138,330.739,-87.2024,30,0.703225,152.9,25.0903,0.00561342,289.673,-90.7404,26.1098,0.595452,155.053,26.9506,0.00731055,311.949,-89.2097,30,0.668809
13,150.94,25.1368,0.00533833,299.875,-90.0511,29.932,0.645564,160.729,27.1252,0.00799972,321.987,-87.9667,30,0.684448,155.699,25.8989,0.00595054,308.517,-91.7276,28.0319,0.617286,158.343,28.0473,0.00885816,328.454,-86.8971,30,0.702723,152.04,25.1409,0.00555191,290.244,-90.774,25.971,0.59634,155.058,27.1021,0.00712031,310.816,-89.1722,29.8909,0.665145
14,149.701,25.036,0.00489224,299.75,-89.7575,29.9545,0.65014,160.567,26.9586,0.00762209,321.449,-87.7303,30,0.684266,154.984,25.9033,0.00595914,311.92,-92.0044,27.9486,0.621334,157.48,27.8303,0.00862888,328.512,-87.2089,30,0.701409,151.364,24.9383,0.00589679,289.896,-90.8995,25.9017,0.596923,155.082,26.8676,0.00677859,308.708,-89.2468,29.8862,0.669608
15,149.413,24.9457,0.00500342,300.762,-90.2764,30,0.651279,159.164,27.1494,0.00792087,318.244,-88.1339,30,0.682483,154.369,25.8837,0.00587047,309.938,-91.929,27.9607,0.619625,158.495,27.8147,0.00875244,330.853,-86.7629,30,0.700321,151.214,24.979,0.00553262,288.97,-91.1385,25.9632,0.595201,155.644,26.8846,0.0068275,308.479,-88.7657,30,0.671791
16,150.578,24.9994,0.00458692,300.148,-89.9479,30,0.649317,159.255,26.9135,0.00736308,320.584,-87.9575,30,0.684865,155.212,25.8949,0.00560178,308.611,-92.1524,27.8982,0.616866,157.57,27.8693,0.00939677,328.321,-86.9853,30,0.704824,151.224,24.9591,0.00596947,291.462,-90.8098,25.9274,0.596709,156.337,27.1718,0.00705676,310.286,-89.132,30,0.66687
17,149.647,24.9702,0.00500761,298.97,-90.2311,30,0.647886,160.162,26.8617,0.00748114,320.13,-88.2689,30,0.676344,154.127,26.196,0.00582235,311.239,-92.1472,28.0545,0.622602,158.191,27.9886,0.00891184,329.395,-86.7423,30,0.70465,151.249,25.0923,0.00593834,288.725,-91.2601,26.0723,0.600745,156.684,26.8559,0.00729527,308.807,-89.2018,29.8993,0.673146
18,150.33,25.0092,0.00485883,301.509,-90.0645,30,0.649391,159.754,26.9851,0.00730138,320.99,-87.9984,30,0.683996,154.768,26.0174,0.00640647,310.497,-92.2299,28.1319,0.621277,157.67,27.8557,0.00929403,330.48,-86.9799,30,0.702886,151.303,24.9247,0.00524849,290.976,-91.2799,26.021,0.602625,156.754,26.9368,0.00732126,308.443,-88.7921,29.8882,0.668973
19,150.595,24.86,0.00472925,300.889,-89.868,30,0.651939,160.085,26.9007,0.0073457,318.726,-87.7549,30,0.679009,154.924,26.1789,0.00565335,310.345,-91.9965,28.0334,0.615181,158.744,28.1728,0.00906513,330.787,-86.7465,30,0.696525,152.153,25.0427,0.00542413,290.946,-90.7394,26.1277,0.599508,155.226,27.1939,0.0073389,308.499,-88.7475,30,0.670188
20,150.183,24.9596,0.00455476,299.341,-89.8183,29.8514,0.648335,159.796,27.015,0.00791986,319.385,-88.0918,30,0.679522,154.449,25.981,0.00564086,308.706,-92.001,27.9757,0.624148,157.725,28.0322,0.00913226,328.052,-86.9019,30,0.704611,151.297,24.9658,0.00508535,291.987,-90.9987,26.0286,0.595671,156.5,26.884,0.00739805,308.821,-89.1856,29.861,0.669721
21,150.13,24.8263,0.00527553,299.813,-89.9854,29.9822,0.649008,160.119,26.8621,0.00718193,321.447,-87.7323,30,0.677707,155.288,25.9635,0.00552539,308.625,-91.8704,28.0477,0.615271,157.444,27.8924,0.00917189,328.079,-87.2375,30,0.696785,152.305,24.8953,0.00509944,288.973,-90.8666,26.1067,0.603302,155.794,27.0672,0.00670498,309.173,-88.7622,29.8539,0.665855
22,149.416,24.8106,0.00468144,300.332,-90.0471,30,0.653174,159.684,26.9038,0.00737969,320.361,-88.1392,30,0.679094,155.104,25.9745,0.00579447,311.794,-91.8418,27.892,0.623685,157.975,28.1578,0.00929986,329.701,-87.2865,30,0.700416,152.267,24.9032,0.00513936,291.34,-90.7094,26.0077,0.596717,155.545,26.8074,0.0074143,308.471,-88.9541,29.9322,0.670542
23,150.303,25.1319,0.00470642,298.044,-90.2179,30,0.653739,160.195,27.0402,0.00766504,318.701,-87.7514,30,0.678831,155.038,25.8188,0.00566628,310.952,-92.2503,28.0309,0.617453,157.779,27.9155,0.00885567,330.876,-87.1217,30,0.699761,152.327,25.1747,0.00573257,288.86,-91.2813,25.9287,0.600951,155.103,26.9985,0.00709684,309.337,-88.8375,29.882,0.665751
24,150.456,24.9982,0.0051884,299.739,-90.1522,30,0.652994,160.389,26.9089,0.00759023,319.444,-88.2451,30,0.676368,155.9,25.9784,0.00568513,310.168,-91.7762,28.0697,0.623066,158.318,28.0769,0.0093492,328.999,-87.0063,30,0.704877,152.888,24.8158,0.00570558,291.701,-91.1917,26.0204,0.604155,155.068,27.079,0.00679735,311.698,-88.7174,30,0.669742
25,150.724,25.1378,0.0048191,301.316,-90.2778,30,0.6473,159.241,26.8308,0.00769629,319.359,-87.8651,30,0.678153,155.079,26.1163,0.00581875,310.504,-91.7684,28.0348,0.61733,157.049,28.148,0.00852127,331.499,-86.9826,30,0.702988,152.996,24.9403,0.00576719,289.608,-91.0121,26.0383,0.603737,156.968,27.1073,0.00691777,309.685,-88.8575,29.9216,0.666105
26,149.709,24.9149,0.00479631,298.934,-90.2747,29.8554,0.654877,159.856,26.9537,0.00767965,318.873,-87.73,30,0.675894,154.835,26.1516,0.00644473,309.87,-91.932,27.9001,0.624912,157.463,28.1771,0.00914965,330.431,-86.9924,30,0.696765,151.441,24.8746,0.00577958,289.401,-91.2653,26.1407,0.603838,156.856,27.198,0.0066739,309.585,-88.8451,30,0.666539
27,150.632,24.8898,0.00472382,300.148,-89.9442,30,0.645915,160.755,26.9062,0.00712951,321.555,-87.7266,30,0.683095,155.31,26.0203,0.00558699,309.634,-92.0764,27.9279,0.622234,157.992,27.8324,0.00872018,330.733,-87.2543,30,0.699951,151.961,25.037,0.00582468,289.391,-90.8932,26.0197,0.59767,156.757,27.119,0.00715845,311.402,-88.7796,30,0.67337
28,150.395,25.0721,0.00511861,301.011,-90.2048,30,0.653718,159.058,27.1303,0.00712887,319.34,-87.8539,30,0.68318,155.664,26.003,0.00550639,309.148,-91.9298,28.1444,0.621318,157.52,28.0536,0.00903999,331.119,-87.2358,30,0.700413,152.926,24.9367,0.00563262,291.728,-91.2385,26.1312,0.601879,155.136,26.9204,0.00720817,308.269,-88.9507,29.9538,0.671209
29,149.091,25.1486,0.00547349,301.876,-89.8502,29.889,0.652583,159.049,26.8088,0.00732361,319.955,-87.8378,30,0.679459,154.547,26.1988,0.00592618,309.806,-92.2018,28.0884,0.621937,157.442,27.833,0.0091805,330.618,-87.136,30,0.696511,151.865,25.1774,0.00541973,290.554,-91.0614,25.9323,0.60484,155.819,27.1576,0.00672995,308.852,-89.2813,30,0.668685
30,150.729,24.9893,0.00546819,298.742,-89.7788,30,0.652709,160.69,27.1044,0.00762622,318.525,-88.2805,30,0.681167,155.593,25.9926,0.00561731,308.501,-91.8887,27.9791,0.617005,157.983,27.8257,0.00908197,329.076,-86.8215,30,0.699552,151.023,24.829,0.00539249,289.92,-90.94,25.9375,0.60195,156.72,27.1119,0.00653962,309.922,-89.237,29.9226,0.674867
31,149.285,24.9996,0.00511816,300.81,-89.9642,29.8529,0.648265,160.035,26.8351,0.00735063,318.133,-88.2529,30,0.676327,155.135,26.0758,0.00630059,308.801,-92.1995,27.8814,0.621364,158.413,27.8126,0.00943621,328.208,-86.9752,30,0.70371,152.428,25.1207,0.00533945,291.259,-91.2519,26.1184,0.600476,156.635,26.9809,0.00714358,310.106,-88.861,29.8745,0.665604
32,149.494,24.8638,0.00537178,298.877,-89.7145,29.9511,0.646821,160.579,27.0635,0.0074982,320.221,-87.8685,30,0.684963,155.95,26.0601,0.00569954,310.721,-92.2567,27.8592,0.617577,157.925,28.1473,0.00922717,330.971,-87.0447,30,0.69871,152.975,24.816,0.00586703,290.315,-91.0368,26.0676,0.599867,156.747,27.1603,0.00692172,309.107,-88.9446,30,0.667107
33,150.246,25.0526,0.00523311,298.526,-89.8705,30,0.646797,159.475,27.1886,0.00718098,321.418,-88.0046,30,0.683707,154.891,26.0059,0.00585923,310.372,-92.2019,27.9673,0.624694,157.516,28.0627,0.00882519,331.094,-87.2215,30,0.699538,151.472,24.8294,0.00516976,290.079,-91.0978,26.0987,0.599309,155.497,27.0469,0.00720678,308.668,-89.1994,29.861,0.672364
34,150.328,24.9899,0.00534417,301.223,-89.9488,30,0.647058,159.224,26.9079,0.00705709,320.125,-87.738,30,0.676221,154.904,26.1736,0.00581616,310.029,-92.2751,27.8945,0.624866,158.93,27.802,0.00945181,330.556,-86.7792,30,0.700156,151.978,25.0667,0.00513965,288.12,-91.1152,26.0614,0.597019,156.347,27.188,0.0065939,310.69,-89.0337,30,0.666771
35,150.385,25.1352,0.00544461,300.733,-90.0017,30,0.653689,160.141,26.8122,0.00793095,320.758,-87.8941,30,0.681589,154.788,26.0605,0.00560659,310.631,-91.7004,27.8645,0.624772,157.814,28.1483,0.00928239,330.268,-86.8569,30,0.699041,130.148,36.8574,0.0135895,318.403,-90.8213,19.8497,0.886147,155.24,27.0178,0.00650576,309.298,-89.0801,29.9689,0.671955
36,149.777,24.9795,0.00473754,299.493,-90.1636,29.872,0.651034,160.336,27.0478,0.00746349,319.519,-87.782,30,0.679792,154.051,25.9365,0.0058802,309.595,-91.9519,28.0101,0.621079,158.53,28.1252,0.00921812,331.822,-87.2891,30,0.695076,130.789,36.9496,0.0130251,319.062,-91.2638,19.9994,0.881484,155.203,26.9943,0.00675678,309.139,-89.1156,30,0.670392
37,149.623,25.0441,0.00521615,299.09,-90.0519,29.8866,0.646811,160.362,26.8726,0.00752516,320.836,-88.2359,30,0.677566,155.926,25.9934,0.00630599,310.201,-92.274,28.0399,0.624514,158.203,28.1277,0.00938421,328.912,-87.1728,30,0.69911,131.174,36.9504,0.013135,316.301,-90.8317,19.8015,0.886194,155.847,27.067,0.00659554,310.495,-89.0289,30,0.66668
38,150.474,25.1451,0.00471674,298.383,-90.2858,30,0.651071,160.093,26.8928,0.00739091,320.378,-88.0019,30,0.676364,155.39,25.9617,0.0059282,310.87,-91.8845,28.1474,0.616284,157.208,28.0897,0.00907839,329.097,-87.2523,30,0.703942,129.878,36.7197,0.0130083,316.774,-91.2583,19.8747,0.878644,156.601,26.8935,0.00704001,311.52,-88.9095,30,0.668243
39,149.666,25.0678,0.00549414,300.647,-89.9653,30,0.649652,159.12,27.0249,0.00795763,318.701,-87.886,30,0.680358,154.193,25.9801,0.00625616,309.39,-91.9011,28.0886,0.624272,157.469,27.9597,0.00865242,331.97,-86.7438,30,0.70342,130.536,36.8398,0.0128708,318.375,-91.2234,19.9668,0.885789,156.417,26.8145,0.00680313,309.052,-89.0839,29.8763,0.67437
40,150.108,24.9222,0.00489698,299.789,-89.9396,30,0.654194,159.994,27.1969,0.00785142,318.834,-87.7416,30,0.683174,154.761,26.1512,0.00636806,311.224,-91.826,27.9414,0.615809,157.806,27.8694,0.00919495,329.384,-86.7146,30,0.703225,129.759,36.9351,0.0137044,317.302,-90.9362,19.9485,0.879717,156.005,26.9595,0.00664637,309.47,-89.2591,29.8577,0.666352
41,150.926,25.0198,0.00546582,299.73,-90.1129,30,0.649395,159.211,27.0563,0.00721604,320.478,-87.9099,30,0.675613,155.562,25.9839,0.00555816,311.979,-92.2653,28.0585,0.624837,157.478,27.8569,0.00862138,329.213,-87.2394,30,0.695623,130.513,36.989,0.0135956,317.814,-91.1162,19.9062,0.883239,155.852,26.8523,0.0073866,309.799,-89.1832,29.9603,0.669141
42,150.655,25.0934,0.0052693,298.044,-90.0503,29.9944,0.645192,159.52,27.1041,0.00713711,320.141,-88.1709,30,0.677412,155.952,26.1206,0.00645958,309.951,-92.2342,28.0144,0.619544,158.689,27.8392,0.00898824,328.6,-87.1052,30,0.69976,130.246,36.7481,0.0132411,318.494,-90.7647,20.0056,0.885837,155.631,27.0753,0.0069376,309.019,-88.7955,29.8615,0.674018
43,149.923,25.0549,0.00515935,301.58,-89.918,30,0.645667,160.037,26.8601,0.00773743,320.049,-87.8919,30,0.675848,155.433,25.8288,0.00557126,308.048,-91.7261,28.0713,0.618533,157.593,27.9399,0.00927465,330.645,-87.1889,30,0.695984,130.815,36.8961,0.0130467,315.437,-91.2507,20.0094,0.880923,156.538,27.0499,0.00688194,308.823,-89.2272,30,0.672746
44,150.288,25.0121,0.00454195,301.874,-89.8208,29.9378,0.6548,160.204,27.033,0.00774807,321.247,-87.9061,30,0.678383,155.856,25.8898,0.00587217,309.728,-92.0364,28.0339,0.624431,157.481,27.8486,0.00869747,331.548,-86.9125,30,0.703159,131.217,36.9289,0.0137006,316.363,-90.847,19.8572,0.886388,156.457,27.1106,0.00715616,308.71,-88.973,30,0.674374
45,149.086,24.8659,0.00463173,300.904,-89.8093,29.9141,0.650059,160.681,27.0931,0.00754224,320.361,-87.995,30,0.68065,155.378,26.1493,0.00613629,311.044,-92.204,27.9885,0.615093,157.493,28.0906,0.00949181,328.397,-87.0591,30,0.69704,130.605,36.8836,0.0133976,316.106,-91.0868,19.9542,0.88351,155.01,27.1044,0.00653531,310.983,-89.1785,30,0.668679
46,149.654,24.8596,0.0048056,301.507,-89.7022,29.9605,0.649486,160.444,27.1545,0.00759304,319.566,-88.0524,30,0.675032,155.239,25.9422,0.0062942,308.372,-91.9471,27.9943,0.621423,157.13,28.032,0.00906148,330.243,-86.9379,30,0.70305,130.034,36.9204,0.0132799,315.662,-91.2649,19.8193,0.885817,156.415,27.1154,0.00701727,309.761,-89.2115,29.9485,0.66934
47,149.177,24.8882,0.00509823,300.943,-89.701,30,0.651426,159.842,27.0545,0.00778565,318.473,-88.0541,30,0.678838,155.144,26.0351,0.00568448,309.449,-92.0993,27.8579,0.615242,158.663,27.9092,0.00901808,329.195,-86.7356,30,0.699297,131.24,36.9271,0.0129677,318.564,-91.0251,19.8639,0.879303,155.161,27.0912,0.00699646,309.747,-88.8623,30,0.666589
48,150.22,24.8541,0.00525138,300.628,-89.726,29.8707,0.645571,159.564,26.9047,0.00724698,321.625,-88.1503,30,0.682594,154.899,26.1107,0.00556537,309.95,-92.2798,27.8688,0.624064,157.278,28.013,0.0089111,329.389,-86.7601,30,0.701638,131.421,36.8144,0.0137184,315.563,-91.0487,19.7971,0.885276,156.963,26.9026,0.00715417,308.792,-88.9608,29.9892,0.67472
49,150.217,24.9398,0.0046141,298.605,-90.1648,29.9253,0.653506,160.122,27.0094,0.00711477,321.441,-87.8663,30,0.682078,155.087,25.8327,0.0059583,309.939,-92.2005,28.1337,0.6235,158.338,27.9849,0.00891177,330.604,-86.9727,30,0.700125,131.107,36.774,0.0128336,318.499,-91.1792,19.7966,0.879615,155.66,27.1027,0.00701939,308.82,-88.7733,30,0.673706
50,149.478,24.9805,0.00548499,301.088,-90.2837,29.8696,0.649639,160.818,27.0155,0.00749781,318.422,-87.9059,30,0.678804,155.551,26.1858,0.00570377,310.093,-92.1277,28.0879,0.620776,158.269,28.1192,0.00889597,331.66,-86.9802,30,0.701959,131.081,36.717,0.0136388,318.978,-91.1339,20.0141,0.879375,155.404,26.8737,0.00739399,310.617,-89.2087,29.9821,0.671153
51,149.167,25.153,0.0053036,300.021,-89.7197,29.9753,0.654841,160.336,27.0539,0.00716595,321.528,-88.0435,30,0.675126,155.12,26.011,0.00621935,311.561,-92.2524,28.0694,0.616874,158.716,28.1276,0.00904079,330.841,-87.1114,30,0.703216,130.413,36.7335,0.0132758,318.667,-91.0989,19.7712,0.885088,156.652,26.8403,0.00673987,308.568,-89.0912,29.9851,0.672488
52,150.302,25.0484,0.00485237,301.366,-90.0172,30,0.651341,159.253,27.0705,0.0073251,320.745,-88.2582,30,0.683557,154.454,26.1348,0.00577928,310.572,-91.8835,28.0038,0.618053,157.425,27.8133,0.00880395,330.613,-86.737,30,0.702661,131.071,36.8563,0.0130419,318.982,-90.8976,19.8872,0.879078,155.894,26.9841,0.00736456,310.187,-89.0718,30,0.666107
53,149.845,24.8168,0.0052399,301.672,-90.132,30,0.647922,160.822,27.1016,0.00780491,318.072,-87.7223,30,0.678048,155.659,25.9126,0.00637275,308.45,-91.8778,28.0122,0.615965,157.484,27.805,0.00896877,329.205,-86.941,30,0.697999,130.981,36.6096,0.0136845,318.763,-90.8993,19.897,0.886891,155.371,26.8316,0.00673951,311.178,-89.2792,30,0.674954
54,150.711,25.0086,0.00456364,301.325,-89.9406,29.8845,0.645939,160.819,27.0677,0.00782929,321.516,-87.9569,30,0.679304,154.634,25.9738,0.00627388,310.408,-91.7645,27.983,0.621071,158.263,28.0367,0.00920263,328.95,-86.9926,30,0.698845,130.47,36.8512,0.0137322,317.756,-90.8538,19.8709,0.884309,155.142,26.9018,0.00686185,309.89,-89.2726,29.892,0.667768
55,150.943,24.9325,0.00498204,298.784,-89.9335,29.9342,0.64707,160.033,26.8022,0.00700766,318.876,-88.278,30,0.678389,155.605,26.0288,0.00601267,309.174,-91.7409,27.9691,0.615871,158.234,27.8455,0.00884522,330.03,-86.7755,30,0.702023,131.48,36.6429,0.0130564,316.932,-91.0469,19.8423,0.887044,156.428,27.0432,0.00680937,311.295,-88.727,30,0.665016
56,150.273,24.8205,0.00475761,298.238,-89.9377,30,0.646145,159.768,26.9825,0.00736905,318.484,-88.0486,30,0.67571,154.16,25.9419,0.00644173,310.674,-91.8928,27.9586,0.620937,157.02,28.0544,0.00941329,330.45,-86.7758,30,0.696206,131.299,36.6169,0.0133156,315.922,-91.293,19.8456,0.880919,155.972,27.0309,0.00654374,308.492,-88.9648,29.953,0.672292
57,150.305,25.1382,0.00519249,299.72,-89.8962,29.9326,0.648063,160.578,26.9786,0.00779838,321.29,-87.7855,30,0.67931,154.638,26.0329,0.00587117,310.404,-91.8766,28.0565,0.618746,157.334,27.9722,0.00864259,331.56,-87.0925,30,0.695254,130.786,36.8451,0.0131222,315.64,-91.0542,19.8124,0.884739,156.212,26.9458,0.00671789,311.952,-89.0276,30,0.666406
58,149.971,24.811,0.00500546,301.856,-90.0695,29.8617,0.64531,159.776,26.864,0.00702335,321.025,-88.0249,30,0.684001,154.232,26.1824,0.00581397,311.554,-91.9382,28.098,0.62484,157.577,28.1845,0.00888948,329.542,-87.0958,30,0.696541,130.602,36.807,0.0135435,318.688,-91.0357,19.8097,0.880562,155.389,26.8231,0.00684245,309.081,-88.7201,30,0.668473
59,150.161,24.8557,0.00494404,300.505,-90.0067,29.9705,0.654938,160.761,27.0494,0.00756938,320.483,-88.1792,30,0.675395,154.951,26.0172,0.00572775,311.856,-91.7543,28.0666,0.620334,158.74,27.8523,0.00929051,328.499,-86.8235,30,0.703771,131.382,36.6499,0.0132443,319.278,-91.01,19.9781,0.883856,155.751,26.9143,0.00670322,311.047,-89.0681,30,0.669923
60,150.155,25.1462,0.00548074,299.63,-89.8035,30,0.650735,160.912,26.8802,0.00710926,321.416,-88.0365,30,0.683931,154.125,26.1534,0.00594832,310.042,-91.924,28.1279,0.615191,157.954,28.0751,0.00922271,330.77,-87.2193,30,0.698587,131.103,36.7018,0.0129923,319.183,-91.2947,20.0184,0.884736,156.657,26.9178,0.00651432,310.951,-88.7995,30,0.666429
61,150.507,25.1076,0.00515854,301.064,-89.7924,30,0.645886,159.975,26.8311,0.00740754,319.628,-88.2604,30,0.67611,155.616,26.1791,0.00557232,311.82,-91.9865,27.9399,0.615769,158.001,28.1178,0.00920709,328.201,-87.2563,30,0.697953,129.959,36.7027,0.0135851,319.071,-91.0569,19.9909,0.881183,155.953,26.8904,0.00714048,311.916,-88.9379,29.9573,0.671478
62,149.246,25.1555,0.00500308,299.797,-89.9485,30,0.645718,160.365,26.8968,0.00771395,321.29,-87.8176,30,0.680202,154.286,26.1101,0.00577141,309.987,-92.1294,27.8901,0.621296,157.109,28.0995,0.00881759,328.001,-86.9933,30,0.697762,130.908,36.6154,0.013621,315.369,-91.1519,19.9413,0.881131,155.204,26.9441,0.00677039,311.371,-89.112,30,0.673919
63,149.868,25.164,0.00487732,301.856,-90.2464,30,0.649938,159.775,27.0531,0.00770386,318.017,-88.1998,30,0.681664,155.932,26.1044,0.00645077,310.81,-92.1212,27.8816,0.622818,158.288,27.8193,0.00886005,331.827,-86.9998,30,0.699577,129.912,36.7378,0.0131514,315.563,-90.8395,19.844,0.88619,156.701,26.8848,0.00715735,309.889,-88.7719,29.9147,0.671778
64,150.216,24.9181,0.0046366,300.607,-89.8568,29.9447,0.651448,159.79,27.0853,0.00719922,321.561,-88.1276,30,0.675581,154.223,26.0063,0.00576759,311.342,-92.2912,27.9637,0.618373,157.039,27.8497,0.00891364,329.971,-87.0574,30,0.700951,129.514,36.776,0.0137451,317.43,-90.8935,19.8126,0.885708,156.546,27.0085,0.00747601,308.502,-89.2898,30,0.673072
65,149.24,24.9062,0.00451755,299.173,-89.8361,30,0.648481,159.743,26.8005,0.0072998,320.586,-87.7155,30,0.675236,155.797,26.1133,0.00628038,309.832,-92.0612,27.9409,0.615657,157.456,27.8986,0.00898408,330.99,-87.0157,30,0.704578,131.38,36.9044,0.013773,317.532,-90.7223,19.7417,0.881625,155.451,26.8783,0.0066408,310.49,-88.8312,30,0.66647
66,150.622,25.0544,0.00488817,300.697,-90.1441,29.9536,0.654175,159.581,26.988,0.00789014,320.831,-88.2627,30,0.675078,155.262,25.9791,0.00563427,311.832,-91.9822,27.9226,0.620006,158.359,27.8305,0.0087747,331.228,-87.0242,30,0.699328,129.582,36.6566,0.0132272,316.19,-91.27,19.9721,0.88778,156.586,27.1415,0.00674198,311.843,-89.1818,30,0.674948
67,150.423,25.1925,0.00506954,299.038,-90.0378,30,0.645731,160.245,27.1925,0.00719011,321.17,-87.7553,30,0.684601,155.043,26.1909,0.00625731,308.647,-92.0139,28.0655,0.617473,158.281,28.0666,0.0086627,330.26,-86.837,30,0.695121,129.512,36.7332,0.0137078,316.268,-90.9194,19.7856,0.881185,156.696,27.0915,0.0065954,309.715,-89.2825,29.9943,0.671624
68,149.237,24.9156,0.00489784,301.678,-89.704,29.8635,0.65261,159.743,26.957,0.00775426,321.674,-87.7294,30,0.678571,155.575,25.9004,0.00606407,309.434,-91.906,27.9221,0.616916,158.836,27.8407,0.00900596,328.883,-87.2766,30,0.696752,131.228,36.7033,0.0137321,317.68,-91.038,19.893,0.883135,156.518,26.913,0.00685305,311.576,-88.7321,30,0.669194
69,150.561,24.9905,0.00499754,298.819,-89.9453,29.9058,0.648316,160.71,26.8828,0.00707116,318.276,-87.7355,30,0.679094,155.622,26.1343,0.00583219,310.774,-91.8373,28.0464,0.616516,158.752,28.0156,0.00878247,329.701,-87.2775,30,0.702655,129.494,36.757,0.0133041,315.572,-90.7162,19.7869,0.88101,155.608,26.8922,0.00650147,310.917,-88.7199,29.9173,0.67163
70,150.484,25.1394,0.00492263,299.212,-90.1048,30,0.653168,159.363,26.9484,0.00790194,321.227,-87.7091,30,0.678932,155.181,26.0644,0.00557846,310.178,-91.8744,27.9002,0.622806,158.168,28.1809,0.00854242,329.061,-86.9391,30,0.702144,131.012,36.6313,0.0132955,317.389,-91.0784,19.9989,0.886243,156.394,27.0857,0.00696172,311.684,-88.8832,30,0.673617
71,149.548,25.1228,0.00469524,299.381,-90.0986,30,0.653565,160.402,27.0908,0.00756207,321.788,-88.0022,30,0.67663,155.572,26.0938,0.00588436,308.101,-91.7966,27.8534,0.622037,158.941,27.9751,0.00873497,330.819,-86.8097,30,0.70467,129.598,36.7923,0.0135001,318.804,-91.1924,19.959,0.883495,155.793,26.8527,0.0073653,308.629,-89.1141,29.937,0.673714
72,150.345,25.1187,0.00475047,300.499,-89.957,30,0.654061,159.024,27.0696,0.00705184,320.195,-88.1274,30,0.67853,155.243,25.9336,0.0062327,309.618,-92.259,28.0851,0.617858,157.866,28.0742,0.00883246,328.226,-87.0756,30,0.701417,130.837,36.8433,0.0129806,317.027,-90.8494,19.7494,0.880747,155.553,26.9728,0.00748037,308.27,-88.9888,29.9038,0.674707
73,149.227,24.9614,0.00523788,300.818,-90.0464,29.954,0.648976,159.529,26.8821,0.00748304,319.074,-88.1275,30,0.684685,155.207,25.8308,0.00557558,311.806,-92.1216,27.8776,0.62099,158.247,28.0594,0.0087674,328.06,-86.721,30,0.70176,130.908,36.8343,0.0130945,316.438,-90.9414,19.9789,0.887436,155.212,26.8619,0.00744474,310.946,-88.7702,29.9108,0.670876
74,150.402,25.072,0.00490815,298.062,-89.9502,29.9259,0.649503,160.915,26.9596,0.0078398,318.754,-87.8965,30,0.676019,154.017,25.9734,0.00559263,310.994,-91.7513,27.9802,0.617587,157.869,28.0894,0.00850905,330.358,-86.932,30,0.69742,130.923,36.6269,0.0129809,318.863,-90.8568,19.7231,0.880452,155.429,26.9083,0.00674756,308.25,-89.0246,30,0.671067
75,150.346,24.8325,0.00545149,301.354,-89.8169,30,0.654327,160.089,26.8801,0.00761678,320.972,-87.8572,30,0.675685,154.742,26.1683,0.00608445,310.153,-92.1387,27.9605,0.623953,158.333,28.115,0.00895435,330.521,-87.151,30,0.699276,130.38,36.8501,0.0137179,315.61,-90.8052,19.8067,0.882407,155.044,26.9204,0.00700263,308.225,-89.0053,30,0.666054
76,150.529,24.9639,0.00515517,299.041,-90.2043,29.8981,0.645705,159.371,27.0657,0.00788169,321.257,-87.8889,30,0.677892,154.62,25.9,0.00601501,310.142,-92.0859,27.9561,0.623286,158.579,27.9231,0.00941379,331.811,-87.104,30,0.700056,131.377,36.9409,0.0128842,316.925,-90.968,19.87,0.879907,156.718,27.0708,0.00733791,311.435,-88.851,29.9818,0.671105
77,149.321,25.0695,0.00467925,300.776,-90.1622,29.8853,0.646653,159.004,27.0875,0.0077324,320.06,-88.2032,30,0.675191,154.331,26.1563,0.00574154,309.417,-92.2368,27.9167,0.620192,158.216,27.8981,0.00855773,329.564,-87.1595,30,0.704599,130.727,36.8131,0.0131974,317.069,-90.9755,19.928,0.88499,155.343,27,0.00691196,311.482,-88.9211,30,0.666154
78,150.211,24.8469,0.00483721,298.571,-89.8848,29.9119,0.648919,160.791,26.8817,0.00750781,319.677,-88.2891,30,0.67569,154.949,26.0243,0.00612843,310.755,-92.148,27.853,0.622234,158.071,28.1344,0.00932139,331.373,-87.0089,30,0.702916,130.397,36.6637,0.0136366,318.884,-91.0202,19.7417,0.881846,156.607,27.1607,0.00670347,308.268,-88.7736,29.9668,0.670418
79,150.936,24.8266,0.00514832,298.296,-90.0747,30,0.649335,160.994,27.0236,0.00732116,318.88,-88.0897,30,0.675687,154.739,25.9857,0.00622274,310.627,-91.8747,27.8525,0.617177,158.323,27.9936,0.00850531,331.218,-86.8363,30,0.695665,152.533,25.0335,0.00578196,291.007,-90.8182,26.0054,0.596403,156.342,27.0482,0.00724225,308.68,-89.183,30,0.6725
80,150.816,25.1035,0.00509716,300.617,-89.7665,30,0.651324,159.313,26.9896,0.0077164,319.084,-88.1786,30,0.677415,154.43,25.9699,0.00640784,310.028,-92.1872,27.8731,0.621962,157.766,28.1287,0.00915951,331.185,-87.1368,30,0.697641,152.878,25.0545,0.00532451,289.078,-91.1854,26.0584,0.597187,156.191,26.9059,0.00716197,311.26,-88.8332,30,0.666877
81,149.177,25.0796,0.00486835,299.729,-90.2813,29.9279,0.645337,160.758,26.8974,0.00755734,318.156,-87.8999,30,0.683979,155.776,25.9301,0.00640096,311.985,-91.8048,28.1035,0.61749,158.153,27.8269,0.00859492,331.996,-87.104,30,0.703067,152.716,25.1991,0.0052415,288.161,-91.0533,25.889,0.595224,155.721,27.1135,0.00706618,309.251,-88.9074,29.9196,0.665144
82,150.529,25.0495,0.0052623,298.156,-89.7977,30,0.650634,160.249,27.1458,0.00758694,320.324,-87.7056,30,0.679423,155.415,25.9557,0.00572888,310.387,-91.7431,28.1287,0.618419,158.055,27.8847,0.00949563,331.924,-86.9103,30,0.702151,152.186,24.8213,0.00545476,290.699,-90.8935,25.9619,0.604417,155.335,27.0001,0.00719088,310.789,-88.9108,29.9326,0.666562
83,150.272,25.0397,0.00467936,300.821,-90.0269,30,0.653374,159.339,26.8077,0.0077791,320.439,-87.8802,30,0.683028,155.922,26.0144,0.0059885,309.608,-92.2078,28.0218,0.61777,158.843,28.0333,0.00909284,329.42,-87.2688,30,0.699233,151.169,25.0427,0.00588097,291.532,-90.9046,25.9134,0.60363,156.772,26.8787,0.00723743,309.146,-88.8184,30,0.6653
84,150.795,25.0491,0.00547338,299.86,-89.7916,29.8687,0.648353,159.134,27.1901,0.00781697,321.41,-87.7372,30,0.678856,154.142,25.8843,0.00572937,309.876,-92.1389,27.8803,0.616675,157.295,28.1892,0.00925929,331.871,-87.0362,30,0.702983,151.653,24.9198,0.00523251,288.519,-91.1461,25.9566,0.60174,155.125,26.8842,0.00730902,308.588,-89.0944,30,0.666549
85,149.165,24.9938,0.00480242,300.254,-89.8177,29.8911,0.650807,160.011,26.8576,0.007624,319.095,-88.0073,30,0.679596,154.613,26.129,0.00555698,309.674,-92.0249,28.0675,0.620743,158.334,28.1108,0.0093622,329.256,-86.9772,30,0.704895,152.779,24.9486,0.00519517,289.958,-90.855,25.9978,0.599832,156.676,26.9446,0.00735979,309.627,-89.1031,29.9862,0.672624
86,149.252,24.8786,0.00545144,298.702,-89.9594,30,0.649896,160.289,26.8919,0.00755266,319.489,-87.903,30,0.680709,154.371,25.9115,0.00571871,308.731,-91.8046,27.9357,0.624271,158.94,28.0285,0.008643,329.498,-86.8214,30,0.69587,152.114,25.138,0.00579593,288.7,-90.8963,25.9162,0.597182,156.748,26.8999,0.00676325,308.003,-88.7776,30,0.671273
87,150.501,24.8608,0.00495832,299.405,-90.2437,29.9958,0.654207,159.08,26.9166,0.00720754,318.953,-87.7549,30,0.679663,155.521,25.8618,0.00598727,309.72,-91.9419,28.1499,0.622694,157.796,28.131,0.00867071,328.122,-87.1773,30,0.700106,152.23,25.1642,0.00550985,290.005,-91.2699,25.8605,0.600512,155.876,27.1357,0.00666068,308.1,-89.0306,29.9212,0.665496
88,150.449,24.8446,0.00510832,299.124,-90.1959,29.9639,0.653014,159.784,27.1003,0.00712549,321.091,-88.1578,30,0.680658,155.858,25.9549,0.00556617,308.077,-91.8039,28.0074,0.622752,157.469,27.938,0.0085301,331.846,-86.8993,30,0.697655,152.223,25.0714,0.00531755,291.392,-90.7317,26.1155,0.602391,155.555,26.9126,0.00746336,308.041,-88.8704,30,0.671227
89,150.98,24.9248,0.00483997,298.316,-90.0343,29.9283,0.648434,160.669,27.1742,0.00718573,319.49,-87.7428,30,0.675924,154.326,26.0381,0.00565047,311.872,-92.032,28.0005,0.617467,157.942,28.0648,0.00925118,331.015,-86.9533,30,0.703174,152.514,24.8222,0.00500688,288.85,-90.9019,25.9734,0.599024,156.769,27.1582,0.00740918,309.256,-88.8854,29.9315,0.666906
90,149.369,24.9368,0.00492996,301.324,-90.2281,30,0.650315,159.576,26.9971,0.00729994,320.384,-88.0397,30,0.676166,155.093,26.161,0.00584396,310.932,-91.9048,28.1295,0.62321,158.133,28.0628,0.00939839,329.598,-87.1039,30,0.703266,152.602,24.8418,0.00557686,289.856,-91.2288,26.1442,0.597147,155.134,27.0379,0.00723887,308.13,-88.9048,30,0.666033
91,149.345,25.0272,0.00479636,301.753,-89.8088,30,0.647597,160.939,26.9725,0.00734752,318.201,-88.2683,30,0.679579,154.453,26.0456,0.00575286,310.311,-92.0845,28.0971,0.623207,157.955,27.9403,0.00886256,331.223,-87.1031,30,0.695847,151.933,24.9929,0.00584091,288.885,-91.0714,26.0925,0.603236,155.769,26.9836,0.00680329,311.73,-89.2288,30,0.671839
92,150.063,24.8131,0.0049756,299.631,-90.2033,30,0.654712,160.124,27.0859,0.00706845,319.671,-88.2302,30,0.684385,155.324,25.8307,0.00585467,310.203,-92.0581,28.1001,0.623147,158.224,27.9494,0.00875534,328.423,-87.0871,30,0.701758,152.316,24.828,0.00539526,288.727,-91.2059,26.0982,0.595419,155.838,26.8673,0.00737933,310.228,-89.1612,30,0.672315
93,150.916,24.8882,0.00538618,301.737,-89.7501,30,0.651298,159.806,27.101,0.00753129,320.71,-88.0429,30,0.683245,154.293,26.1332,0.0060403,311.379,-92.0412,27.9637,0.624151,157.502,28.1377,0.00898402,330.056,-87.1149,30,0.698252,151.079,24.9088,0.00500638,291.913,-90.7206,25.9685,0.602284,155.692,27.0684,0.00730543,311.787,-89.0599,30,0.667659
94,150.981,24.8103,0.00510353,300.638,-89.8872,29.8861,0.654385,159.362,27.0491,0.00722268,319.229,-87.9721,30,0.676602,154.342,25.9673,0.00625728,311.592,-92.2495,27.9679,0.616002,157.033,28.0647,0.00910245,328.652,-87.1597,30,0.703349,152.949,24.8542,0.00523148,291.474,-90.7441,25.9759,0.595506,155.079,27.0296,0.0068929,308.115,-88.95,29.8534,0.672874
95,149.613,24.8161,0.00508835,299.591,-89.7157,30,0.647752,160.419,26.9086,0.00790424,319.499,-87.9701,30,0.679261,155.665,26.1223,0.00572432,308.904,-91.8096,28.1291,0.615954,157.9,27.935,0.00937069,328.334,-87.1733,30,0.695513,151.985,24.9768,0.0053344,289.578,-90.982,25.8984,0.60072,156.611,27.1041,0.0066539,308.597,-89.1391,29.9583,0.669085
96,150.359,24.8227,0.00453467,299.568,-89.8817,29.908,0.651415,159.52,27.1544,0.00789569,319.189,-88.162,30,0.677405,155.345,26.1304,0.00617309,311.297,-92.0618,27.8969,0.62238,157.721,28.0685,0.00877064,328.325,-86.7045,30,0.704884,152.955,25.1175,0.00565942,290.311,-90.7803,25.9368,0.599677,156.239,26.9645,0.00692749,309.321,-88.9615,30,0.667015
97,150.869,25.0756,0.00532327,300.225,-89.8323,29.8549,0.653184,159.08,27.156,0.00799196,319.176,-88.1738,30,0.67753,155.731,25.8411,0.00562596,311.917,-91.8957,28.1041,0.618243,158.353,28.0377,0.00910315,330.73,-86.9548,30,0.697759,152.537,24.8905,0.00569235,288.933,-90.9248,26.0741,0.597187,155.12,26.8524,0.007106,311.398,-89.273,30,0.668413
98,149.957,25.1715,0.00483197,299.861,-90.2918,29.8745,0.647586,159.056,27.0526,0.0074264,320.193,-88.1952,30,0.681638,155.931,25.8202,0.00639038,310.308,-91.9616,28.0001,0.615694,157.18,28.0404,0.00884096,331.669,-87.056,30,0.702147,151.587,25.0102,0.00569783,291.601,-90.8247,26.0529,0.601796,156.892,26.9183,0.00650111,309.088,-89.1693,30,0.671337
99,150.187,24.8065,0.00522878,299.294,-89.901,30,0.648427,159.269,26.8378,0.00783152,321.674,-87.9101,30,0.67902,155.458,26.1119,0.00561822,308,-91.8727,27.957,0.617545,157.026,28.0161,0.00935115,331.831,-86.9606,30,0.695851,152.098,24.952,0.00560714,289.555,-91.1558,25.8785,0.598149,155.193,26.8708,0.00748734,309.776,-88.9809,30,0.674956
100,150.165,25.125,0.00482694,299.223,-90.0584,30,0.651822,159.63,26.8533,0.0076324,318.513,-87.9529,30,0.682006,155.507,26.1491,0.00599996,310.921,-91.9285,27.906,0.615257,157.569,27.9772,0.00911711,331.4,-87.1823,30,0.704635,151.216,24.9914,0.00558556,290.165,-91.2484,25.8671,0.596055,156.171,27.0177,0.00673374,310.551,-88.808,29.8625,0.669981
101,150.379,24.9009,0.00480777,300.455,-89.7612,30,0.650831,160.46,26.9459,0.00764097,319.865,-88.186,30,0.680565,154.717,26.1645,0.00552093,309.263,-92.2659,28.08,0.622021,157.663,28.0703,0.00889594,331.025,-87.0275,30,0.704347,151.502,24.8482,0.00558454,291.877,-91.0733,25.8686,0.598393,156.012,26.8648,0.0071581,311.991,-89.029,29.9564,0.669007
102,149.23,25.1533,0.00491483,299.549,-89.9042,29.9826,0.651482,159.123,27.1255,0.0079405,320.595,-87.7273,30,0.679774,155.204,26.0327,0.00590146,309.352,-92.2239,27.9675,0.616627,158.469,27.8835,0.00855857,330.209,-86.9429,30,0.70077,151.691,25.1212,0.00554028,288.317,-90.9605,26.1224,0.598963,155.593,26.8574,0.00665145,309.731,-88.9426,29.8742,0.674396
103,150.51,25.0346,0.00532844,298.321,-90.0139,30,0.653287,160.567,26.9108,0.00794088,318.497,-87.7749,30,0.676772,155.444,25.8161,0.00590542,310.065,-91.9516,28.1308,0.621723,157.963,28.1239,0.00945053,328.088,-86.7105,30,0.703144,151.561,24.8529,0.00543986,290.576,-91.0714,25.8664,0.600995,156.805,26.9533,0.00671633,309.77,-89.271,30,0.673263
104,150.176,24.9412,0.00529978,300.219,-89.8044,30,0.652844,160.197,26.9657,0.00795795,320.164,-87.9369,30,0.681257,155.143,25.8739,0.00555959,310.417,-91.8418,28.007,0.617268,158.333,27.832,0.00894183,328.653,-87.1893,30,0.698867,151.102,24.9591,0.00551171,289.933,-91.0703,26.1017,0.596453,156.011,26.8248,0.00657116,310.295,-88.9604,30,0.670579
105,150.92,24.8195,0.00459801,298.176,-90.1888,30,0.651456,159.091,27.1784,0.00784217,319.186,-88.2537,30,0.676269,154.247,26.0074,0.00574585,309.433,-91.7063,28.0553,0.62449,157.285,27.9529,0.00905473,328.307,-87.2975,30,0.701418,151.822,24.9959,0.00541544,288.096,-91.0988,25.9031,0.595984,156.913,27.0397,0.00722866,309.261,-89.0641,29.9211,0.66597
106,149.358,25.119,0.00517755,300.188,-90.0149,30,0.645727,159.561,26.94,0.00778243,321.97,-88.1556,30,0.683306,154.449,25.9597,0.00590967,311.913,-92.1915,28.0897,0.618342,158.462,27.968,0.00907836,331.33,-86.8175,30,0.695596,152.384,24.856,0.00541582,290.194,-91.0584,26.0059,0.604965,155.27,27.0702,0.006896,308.532,-89.2048,30,0.673796
107,150.814,25.1966,0.00470832,299.422,-89.8985,29.9951,0.649184,159.716,27.0375,0.00757559,318.646,-88.017,30,0.680703,154.42,26.0969,0.0055252,309.419,-91.8319,28.0192,0.617612,158.39,28.027,0.00929624,330.94,-86.9339,30,0.696332,151.523,24.9676,0.0055993,290.055,-91.1271,25.8519,0.599962,155.571,27.0938,0.00652395,310.339,-88.7351,29.9023,0.669716
108,149.183,25.0503,0.00505053,299.629,-89.9872,30,0.646963,159.045,27.1447,0.00757712,321.563,-87.9418,30,0.679297,155.5,26.1652,0.00607212,308.723,-92.1387,27.9096,0.617469,157.613,28.0221,0.00908799,329.706,-86.9307,30,0.695878,151.344,25.0072,0.00521399,289.133,-91.0598,26.0936,0.595139,156.299,27.0676,0.00729866,311.731,-89.2879,29.8961,0.673862
109,149.917,25.0258,0.00516303,300.716,-89.741,30,0.652202,159.574,27.1519,0.00704922,318.924,-87.7616,30,0.677207,154.276,26.1436,0.00600006,310.7,-92.1566,28.0774,0.6226,157.625,27.9643,0.00870969,331.906,-86.9126,30,0.698034,152.564,25.1063,0.00569166,291.863,-91.0639,25.8892,0.601717,156.459,27.03,0.00670682,310.018,-89.1127,29.9782,0.671452
110,150.49,24.8929,0.00490533,299.077,-90.1808,30,0.654093,159.74,27.1005,0.007897,321.384,-88.1903,30,0.678767,154.678,25.825,0.00598617,308.436,-92.1509,27.9451,0.623088,158.751,27.921,0.0093587,331.429,-86.8412,30,0.701903,152.89,25.073,0.00533162,290.002,-90.9126,26.0032,0.5962,155.624,27.121,0.00736142,308.549,-88.7286,29.9486,0.671623
111,150.504,25.1248,0.00544575,299.252,-89.7849,29.8895,0.65205,160.484,27.0711,0.00725231,321.492,-88.1987,30,0.682175,154.951,26.1396,0.0058834,308.673,-91.7981,28.0147,0.616892,158.441,28.0044,0.00910431,329.844,-86.8028,30,0.702094,151.211,25.1355,0.00567101,290.788,-91.0822,26.1138,0.602254,155.225,26.9631,0.00738638,308.189,-88.7232,30,0.671314
112,149.541,24.8995,0.00544206,299.193,-89.8347,29.9679,0.646393,159.021,27.0177,0.00797578,319.477,-88.0857,30,0.680205,154.881,26.152,0.00600552,310.031,-92.217,28.1448,0.6175,157.147,28.0653,0.00909537,329.661,-87.0467,30,0.696957,152.641,25.0595,0.00541897,289.832,-91.146,26.0756,0.600129,155.642,27.0384,0.00749573,309.741,-88.7476,29.9535,0.665547
113,149.408,24.9675,0.00471963,298.001,-89.751,30,0.652423,159.336,26.8481,0.0070676,320.896,-87.7427,30,0.676191,155.025,25.9395,0.00587482,310.485,-91.8688,27.8832,0.615356,158.989,27.8931,0.00855383,328.76,-87.2766,30,0.703024,151.682,24.9777,0.00567559,290.036,-90.7831,26.1098,0.595099,156.556,26.9843,0.00748884,309.933,-88.7079,30,0.667486
114,150.077,25.1969,0.00535753,298.389,-89.8762,29.9537,0.64507,159.807,26.8939,0.00781887,319.349,-87.8035,30,0.678078,154.482,25.8934,0.00556819,308.748,-91.9667,27.9374,0.619174,157.754,28.1504,0.0094053,329.972,-87.1019,30,0.704534,151.12,24.9191,0.00529807,289.282,-91.2014,26.0849,0.596225,156.27,26.8495,0.00657054,311.638,-89.1859,30,0.670446
115,149.156,25.1822,0.00474696,301.439,-90.1987,30,0.645132,160.024,27.1078,0.0079348,321.637,-87.8082,30,0.676992,154.568,25.9156,0.00587705,309.573,-91.9733,27.898,0.621912,157.335,27.9241,0.00900335,331.186,-86.8563,30,0.696558,152.094,24.835,0.00537736,289.654,-91.2761,25.9322,0.604556,156.907,26.9409,0.0065431,308.716,-89.0647,30,0.666412
116,150.527,24.8435,0.00548126,299.526,-89.8349,29.9528,0.651277,159.384,26.8584,0.00793806,321.671,-87.7675,30,0.683083,154.138,25.9339,0.0058137,310.543,-92.0864,27.8946,0.620965,158.629,27.9528,0.00863227,328.787,-87.1575,30,0.701428,152.202,25.0784,0.0053625,291.296,-91.1775,25.9907,0.603009,155.36,26.8439,0.00738368,309.372,-88.8897,29.8576,0.6719
117,149.632,24.8223,0.00510981,298.963,-90.0679,29.8742,0.646472,159.596,26.8359,0.00791083,318.024,-88.0097,30,0.678077,155.852,25.8647,0.00646583,308.823,-91.8551,28.014,0.623845,158.108,28.0138,0.00869546,328.665,-86.7501,30,0.698721,152.52,24.9355,0.00595206,290.952,-90.9415,26.1143,0.595496,155.514,26.986,0.00672698,310.976,-88.7485,29.9771,0.668421
118,150.923,24.9779,0.00498905,299.407,-89.7543,30,0.652622,160.624,26.9367,0.00743369,321.394,-88.082,30,0.68441,155.246,26.0967,0.0063051,311.38,-92.063,27.8654,0.619019,158.348,27.9801,0.00924896,329.428,-86.9192,30,0.702494,152.091,24.8816,0.00529191,290.994,-91.0104,25.9148,0.604673,156.43,27.1829,0.00692711,309.9,-88.7612,30,0.672073
119,149.504,24.9787,0.00462345,298.824,-90.2994,29.8618,0.654773,159.485,27.0653,0.0078391,320.203,-88.2081,30,0.681003,155.463,26.1079,0.00647541,310.294,-92.095,28.0445,0.615684,158.795,27.8478,0.00882784,331.263,-86.9416,30,0.699734,152.709,24.936,0.00586965,288.353,-90.8339,26.1043,0.596818,155.861,26.8662,0.0072066,310.141,-88.9188,29.9089,0.667117
120,149.083,24.9288,0.00505974,301.432,-89.8998,29.9806,0.654531,160.438,27.1721,0.00752759,319.036,-88.2683,30,0.676213,154.606,26.013,0.00606442,310.402,-92.2002,27.9639,0.621172,158.94,28.0911,0.0094226,331.049,-86.945,30,0.701667,152.247,25.041,0.00548979,290.115,-91.0993,26.0058,0.596976,156.61,26.8743,0.00658497,309.745,-88.905,29.9813,0.667768
121,150.116,24.9388,0.00543287,301.691,-89.9986,29.9484,0.652371,159.073,26.9899,0.00733632,321.682,-88.2928,30,0.682407,154.97,25.8342,0.00647246,310.072,-91.9315,27.921,0.619835,157.858,27.83,0.00860616,331.35,-87.1561,30,0.700049,152.537,24.8248,0.00557681,288.477,-91.2781,25.8658,0.603342,155.236,26.8181,0.0069379,311.376,-89.1426,29.9765,0.665399
122,149.898,25.031,0.00507091,299.33,-90.1107,29.882,0.648668,111.151,54.1335,0.0304886,385.944,-87.781,16.0143,1,154.57,26.0523,0.00595565,309.928,-91.8453,27.9346,0.61818,158.849,27.8225,0.00898563,331.651,-86.9338,30,0.697497,151.687,25.1408,0.00555922,290.059,-91.2403,25.8548,0.604637,155.754,27.0413,0.00657972,310.732,-88.7405,30,0.666261
123,150.163,25.1065,0.00490642,301.519,-89.9108,30,0.651235,111.215,53.9507,0.0297242,385.699,-87.8438,16.037,1,154.368,26.1026,0.00597416,308.903,-91.93,27.8621,0.618262,157.937,27.8592,0.00948465,328.836,-87.2218,30,0.702691,151.851,25.0262,0.00502101,288.138,-91.0325,26.095,0.603852,155.173,27.0153,0.00741323,309.552,-88.8023,29.8901,0.674354
124,150.503,25.1765,0.00517662,299.454,-89.7371,29.9327,0.648322,112.354,54.133,0.0304518,382.883,-87.8212,16.0557,1,154.774,25.9131,0.00580449,311.932,-91.9143,28.0653,0.624766,157.754,28.1207,0.00893453,331.478,-87.1916,30,0.697188,151.652,25.1025,0.00539376,290.433,-91.0333,26.0727,0.597283,155.117,26.92,0.00697431,308.672,-89.0871,29.97,0.665574
125,150.167,25.1537,0.00465174,300.391,-89.9012,29.9758,0.652011,111.774,54.0287,0.0295297,384.831,-87.9032,15.8456,1,155.958,25.9683,0.00600195,311.64,-91.8696,28.0246,0.622978,158.729,27.9828,0.00897511,329.544,-86.72,30,0.695832,152.726,24.9922,0.00506875,290.199,-91.0497,26.1133,0.59704,156.653,27.0231,0.00655461,311.887,-88.9924,29.9373,0.669694
126,150.716,24.922,0.00469268,298.516,-90.1213,30,0.649716,111.407,53.8933,0.0298551,385.823,-88.0942,16.1305,1,154.358,26.1565,0.00596036,310.839,-91.7098,27.8651,0.615967,158.441,27.9127,0.0086843,328.157,-87.2869,30,0.696344,151.935,25.0424,0.00542835,288.108,-90.8299,25.8532,0.602619,156.787,26.9731,0.00703554,309.908,-89.0665,30,0.673939
127,149.672,25.046,0.00542691,301.848,-89.9946,29.9858,0.647787,112.87,53.884,0.0301022,383.194,-88.1326,15.9556,1,154.11,26.0314,0.00558257,308.618,-92.0363,28.0031,0.617588,157.633,27.8348,0.00880322,331.866,-86.7332,30,0.700709,152.819,24.8025,0.00581068,291.793,-91.2452,25.8984,0.604607,156.075,26.8057,0.00675763,309.8,-88.8843,30,0.674954
128,149.575,25.0153,0.00503332,299.623,-90.1985,30,0.653533,111.949,54.0681,0.0297496,384.239,-87.883,15.9886,1,155.223,25.9484,0.00627215,308.682,-92.0693,27.9541,0.619318,158.564,27.9937,0.00929401,330.306,-87.0948,30,0.697383,151.449,25.0018,0.00526085,288.036,-90.911,26.0033,0.599455,156.934,27.0285,0.00736343,308.558,-88.9585,30,0.670831
129,150.436,24.9488,0.00459245,299.832,-90.0633,30,0.64744,112.886,54.2101,0.02977,383.456,-87.7627,16.1241,1,154.642,26.0104,0.00618777,309.094,-91.8581,27.8655,0.615493,157.773,27.9414,0.00881563,329.964,-87.1076,30,0.698095,152.95,24.9644,0.00544471,290.306,-90.71,25.9225,0.601813,156.432,27.0429,0.00658858,310.707,-89.2615,30,0.672396
130,149.422,25.1366,0.00453035,301.375,-90.0238,29.9153,0.646338,112.859,53.8559,0.0297215,383.455,-87.9279,15.9975,1,154.579,25.8955,0.00571354,309.645,-91.8776,27.9152,0.618667,157.782,28.1906,0.00945467,331.201,-87.155,30,0.698169,151.534,25.0024,0.00577773,291.433,-90.7931,25.9579,0.601872,155.626,26.8244,0.00720157,308.039,-89.0545,29.9488,0.671934
131,150.532,24.9216,0.00531163,299.176,-90.0322,30,0.651929,112.927,53.9169,0.0301847,384.502,-87.7509,15.881,1,155.137,25.9099,0.00597443,309.335,-91.9524,28.1167,0.620693,158.263,28.0075,0.00855117,328.931,-87.0048,30,0.696818,152.008,24.9291,0.00525811,289.856,-91.22,26.1283,0.603677,156.415,26.8425,0.00727588,311.232,-88.8393,29.8842,0.671439
132,150.669,25.0309,0.00514641,299.833,-89.9828,29.8603,0.65139,111.115,54.0009,0.029815,384.245,-88.22,16.0416,1,154.327,25.8417,0.00564552,311.509,-91.9831,27.9902,0.616067,158.299,28.1472,0.00932819,330.504,-87.2548,30,0.695493,151.515,24.8543,0.00526005,289.54,-90.7342,26.0331,0.60335,156.421,26.845,0.00723592,309.1,-88.9165,29.9523,0.674977
133,149.527,24.9117,0.00543067,298.099,-89.882,30,0.653364,112.901,54.2171,0.0295876,385.351,-87.9122,16.0283,1,155.3,26.193,0.00641182,309.757,-92.276,27.9587,0.623264,158.403,27.9837,0.0085551,329.708,-87.0186,30,0.701411,151.623,25.0101,0.00506606,291.89,-91.084,25.9934,0.598553,156.365,27.0649,0.00721532,309.073,-89.1106,29.8876,0.671555
134,149.08,25.0391,0.0053697,301.563,-90.0306,29.9878,0.64577,112.294,54.1553,0.029767,383.749,-87.7967,16.0972,1,155.101,25.877,0.00560188,311.644,-91.8077,28.078,0.615488,158.687,27.9752,0.0088424,330.186,-87.2452,30,0.700824,151.373,24.8753,0.00518425,288.228,-90.9473,26.1021,0.595175,155.098,27.0291,0.0073195,309.307,-89.0902,30,0.667742
135,149.053,25.0941,0.00512565,300.323,-89.855,30,0.647059,111.657,53.8773,0.0296522,384.768,-87.7848,16.1229,1,154.368,25.8423,0.00631285,310.315,-91.929,28.0844,0.622033,158.669,27.8225,0.00924752,331.403,-87.1283,30,0.698142,152.916,24.8134,0.00557979,288.666,-90.8727,25.9028,0.597354,155.989,27.1659,0.00671171,308.577,-88.8446,30,0.674118
136,149.293,25.0584,0.00473288,298.627,-89.8899,30,0.652548,111.571,54.006,0.0299278,386,-88.1247,15.9225,1,155.129,25.9009,0.00641529,309.063,-91.7625,27.881,0.621566,158.814,27.8675,0.00946833,329.812,-86.7326,30,0.698016,151.377,24.9215,0.00509302,288.575,-91.2372,25.9769,0.602956,155.283,26.8521,0.00714343,308.789,-89.2414,29.9001,0.674237
137,150.643,24.9416,0.00515582,300.149,-89.8937,30,0.651287,111.484,53.8424,0.0299779,385.628,-87.9583,16.0838,1,154.327,26.0767,0.00617429,311.92,-91.7086,28.056,0.617436,158.597,27.8428,0.0092807,331.641,-87.0703,30,0.699301,151.876,24.9241,0.00576213,291.745,-90.7355,25.9024,0.603747,156.475,26.9011,0.00656728,309.072,-88.7527,30,0.672211
138,149.514,25.0878,0.00452812,299.501,-89.9239,29.8938,0.65323,111.422,54.0878,0.0299276,384.448,-88.2355,15.8392,1,154.539,26.1279,0.00649935,308.846,-92.1409,28.0489,0.624654,158.832,28.0012,0.00929511,328.543,-86.7135,30,0.696637,151.599,24.8401,0.00527172,291.264,-91.073,25.8765,0.598422,156.963,27.0519,0.00691616,308.666,-88.7083,30,0.667815
139,149.14,24.8227,0.00462038,300.323,-89.7427,29.999,0.653429,111.844,54.1103,0.0302542,382.759,-88.0833,16.0253,1,154.723,26.0139,0.00649622,309.898,-91.8104,27.9796,0.622964,158.191,28.1546,0.00891094,330.417,-86.922,30,0.696443,151.187,24.8067,0.00587353,288.946,-91.1731,26.0708,0.5982,156.012,26.865,0.00745975,311.406,-88.7817,29.972,0.672624
140,149.288,24.8034,0.00451997,300.346,-90.0268,30,0.645075,111.798,54.1141,0.0299651,384.993,-88.1602,16.078,1,154.422,25.8947,0.00612803,311.32,-92.0506,27.9275,0.62367,158.339,27.9792,0.0089879,328.817,-86.9239,30,0.704956,151.96,24.9944,0.00556585,291.667,-90.8195,25.9853,0.602187,156.172,26.9969,0.00669232,309.856,-89.1525,30,0.668354
141,150.905,25.0132,0.00513154,300.172,-90.2224,29.9627,0.645991,112.198,54.0056,0.0303004,382.946,-88.2013,15.956,1,155.421,25.9676,0.00601727,308.337,-91.7093,28.0499,0.617854,158.172,27.8438,0.00946584,328.699,-86.9112,30,0.702176,152.554,25.0694,0.0056145,291.57,-91.2528,25.9493,0.597483,156.976,26.9558,0.00723261,310.739,-89.1728,29.9217,0.667813
142,149.822,24.8937,0.00451965,301.518,-89.7206,29.9525,0.648385,110.966,54.0989,0.0303478,382.65,-88.2042,16.0711,1,154.09,26.049,0.00580892,309.475,-91.8382,28.0933,0.619004,158.894,27.9626,0.00927184,329.936,-86.7615,30,0.695874,152.873,25.1302,0.00579131,288.804,-90.8169,26.105,0.597892,156.905,26.8199,0.00664991,310.15,-88.9545,30,0.66517
143,150.921,24.8178,0.00464306,298.056,-89.9599,30,0.651659,112.598,53.8322,0.0300644,383.902,-88.0006,15.8558,1,155.006,26.1061,0.00598529,308.598,-91.911,27.9017,0.623724,158.226,27.8629,0.00946234,330.073,-87.2563,30,0.697532,152.607,25.1271,0.00597895,290.007,-91.027,26.076,0.596325,156.094,27.0185,0.00658947,309.672,-88.788,30,0.665992
144,149.181,24.9051,0.00537477,298.516,-89.868,29.8803,0.651231,111.664,54.1424,0.0297561,384.62,-88.1586,16.0482,1,154.254,26.1466,0.00609358,308.508,-92.0435,27.8983,0.622003,158.518,27.8423,0.00900614,331.259,-86.7383,30,0.704503,152.071,24.9577,0.0058482,289.972,-91.0169,25.9971,0.603468,156.664,26.9614,0.0068333,309.968,-88.9563,29.9215,0.67294
145,149.973,24.9336,0.00460682,298.955,-89.7304,29.9415,0.646689,111.874,53.9497,0.0295575,383.356,-87.9735,15.9996,1,154.895,26.1862,0.00587735,309.033,-92.1539,27.9873,0.622595,157.412,28.0837,0.00852115,329.676,-86.8345,30,0.700637,151.41,25.0968,0.00505228,291.41,-91.1811,26.1123,0.598525,156.445,26.9277,0.00740591,308.507,-89.1929,29.9979,0.665819
146,149.392,25.1775,0.00547649,299.505,-89.746,30,0.647697,112.357,54.0904,0.0305115,383.124,-87.8968,15.8497,1,154.008,26.1998,0.00630227,311.147,-91.9942,27.94,0.616513,157.569,27.9504,0.00925631,330.159,-87.2535,30,0.696023,151.821,25.1733,0.0056374,291.207,-91.0202,25.9585,0.596084,156.752,27.1133,0.00666812,310.049,-89.0076,30,0.674462
147,150.16,25.0161,0.00455032,298.252,-90.1876,29.8597,0.652434,112.399,53.8813,0.0303584,382.683,-88.1193,15.9088,1,154.509,25.9956,0.00590741,311.946,-92.2664,27.8927,0.615528,158.252,27.8218,0.00933644,330.048,-86.9838,30,0.696708,151.395,24.9275,0.0055935,288.84,-91.2302,26.141,0.59522,156.605,27.1152,0.00679721,308.543,-89.2126,30,0.671428
148,150.565,25.175,0.00519193,298.623,-90.1539,30,0.647093,111.097,54.1082,0.0299249,385.744,-87.9098,15.8612,1,154.517,25.9349,0.00590226,308.205,-92.0021,27.887,0.61901,157.701,28.1091,0.00930317,328.614,-87.0801,30,0.696514,152.597,25.0829,0.00519038,289.467,-91.2365,26.0385,0.596214,156.972,27.1123,0.00689024,310.314,-88.7532,30,0.666745
149,149.757,25.1373,0.00514421,300.603,-89.7799,30,0.654198,111.142,54.0445,0.0302629,385.091,-87.936,15.8841,1,155.44,25.8345,0.00596381,308.696,-92.0975,27.8554,0.619003,158.1,28.0478,0.00916349,331.345,-87.1707,30,0.703515,151.313,25.1899,0.00584254,290.004,-90.7111,25.8792,0.598031,156.276,26.94,0.00742837,308.263,-88.9704,30,0.671527
150,149.511,24.9458,0.00534368,298.78,-89.8039,30,0.652622,160.427,26.883,0.00756881,321.471,-88.0407,30,0.679522,154.286,25.9558,0.0064517,309.279,-91.7791,28.1144,0.618502,157.167,28.0898,0.00881151,331.132,-87.0344,30,0.702779,151.765,24.9773,0.00537619,289.469,-90.9844,26.0926,0.598618,156.049,27.0683,0.00676944,309.11,-88.74,30,0.670772
151,150.295,24.8117,0.0051181,300.038,-89.9726,29.9578,0.645815,159.387,27.1803,0.0074087,319.867,-88.2684,30,0.682172,155.076,26.0035,0.00574312,310.979,-92.1991,27.907,0.619607,157.573,27.899,0.00914524,330.604,-86.8053,30,0.695731,151.547,25.192,0.00559626,290.839,-91.2956,26.0055,0.595375,156.138,27.1683,0.00746842,310.162,-89.0251,30,0.671736
152,149.13,24.9863,0.00474025,299.879,-90.0267,30,0.648568,159.329,27.0015,0.0078302,320.656,-88.097,30,0.684122,154.419,25.8158,0.00624131,311.31,-91.7193,28.117,0.621005,158.06,27.8111,0.00874666,329.838,-86.9229,30,0.702426,151.56,25.026,0.00508814,289.655,-90.8499,26.058,0.604906,155.556,26.9993,0.00682953,309.762,-88.7858,30,0.673824
153,149.407,25.1493,0.00455976,301.554,-90.1026,29.9444,0.650121,160.881,26.8191,0.00735223,321.426,-88.0624,30,0.679248,154.771,26.1662,0.00626193,310.02,-91.707,27.9896,0.615582,157.525,27.9744,0.0086569,331.79,-86.8399,30,0.700908,152.443,25.1765,0.00588164,290.061,-90.8352,26.0186,0.600527,155.229,26.8505,0.00702953,309.075,-89.2874,30,0.665325
154,150.191,25.0157,0.00546881,299.937,-90.2618,30,0.653411,160.994,26.9721,0.0073203,321.627,-88.1853,30,0.679057,154.082,25.9389,0.00576523,310.744,-91.7307,27.9304,0.623115,157.111,28.0152,0.00857055,331.736,-86.8402,30,0.703239,152.295,25.1876,0.00571396,291.699,-90.9897,25.8851,0.600282,155.254,27.037,0.00698249,310.49,-89.294,29.9085,0.669913
155,150.901,24.9534,0.00492437,300.859,-89.9377,29.9397,0.649108,159.435,27.1864,0.00713063,319.487,-88.2845,30,0.682805,154.402,25.832,0.00597445,308.04,-92.2491,28.0923,0.622715,158.83,28.1418,0.00918318,328.209,-86.8303,30,0.702991,152.017,24.8932,0.00584533,290.909,-90.7115,25.8967,0.597257,155.424,27.117,0.00668691,308.267,-88.7009,29.8574,0.673352
156,149.731,25.1366,0.00505462,301.607,-89.7443,29.8527,0.645754,159.501,27.0677,0.00788827,319.84,-87.9358,30,0.68305,155.935,25.9074,0.00599483,308.344,-91.9645,28.0008,0.616444,157.884,27.9336,0.00902183,330.343,-87.2949,30,0.70213,151.733,24.8212,0.00575493,291.821,-91.1559,25.9471,0.596838,156.154,26.8619,0.00685619,310.788,-88.9639,29.9659,0.669202
157,150.124,24.8023,0.00457851,301.525,-90.2533,30,0.6542,159.541,26.9482,0.00756892,321.527,-87.7349,30,0.675866,155.338,25.9641,0.0059707,308.197,-92.1854,28.0872,0.61954,157.603,27.9536,0.0093544,330.996,-87.1366,30,0.69752,152.842,25.0326,0.00553348,290.386,-91.0804,26.0921,0.600233,155.233,26.8516,0.00703686,311.746,-89.115,30,0.672641
158,149.496,24.8145,0.00460185,300.914,-90.1802,29.9614,0.650017,160.451,26.8453,0.00740637,319.94,-87.9755,30,0.676717,155.616,26.0772,0.00605587,310.798,-92.0528,27.8915,0.621658,158.049,28.0557,0.008838,331.627,-86.9476,30,0.699498,152.513,25.1177,0.0054946,291.579,-91.1394,25.9732,0.603986,156.793,27.0743,0.00735898,308.355,-88.781,29.9462,0.666783
159,149.479,24.9672,0.00475119,299.282,-90.219,29.9389,0.650723,159.884,26.9387,0.00774645,321.574,-87.8459,30,0.682444,154.304,25.8521,0.00584563,311.231,-92.1522,27.869,0.616317,158.717,28.0535,0.0087532,330.221,-86.9835,30,0.697332,152.729,24.9237,0.00569413,288.064,-91.0764,25.9555,0.600435,155.145,27.1161,0.00671778,310.708,-88.8181,30,0.672409
160,150.324,24.9422,0.00530886,299.179,-89.9573,30,0.64879,159.606,26.9837,0.00781796,321.72,-87.9729,30,0.684033,154.197,25.8928,0.0062089,311.295,-91.7858,27.9745,0.615893,157.876,27.8923,0.0087912,331.089,-87.2547,30,0.699277,152.192,24.8359,0.00533736,288.359,-90.7231,26.0922,0.599596,155.447,27.1734,0.0068446,308.644,-88.9621,30,0.665038
161,149.476,25.1754,0.00467109,298.453,-89.9579,30,0.649771,160.989,27.0717,0.00707407,321.971,-88.0553,30,0.680579,154.609,25.8346,0.00550143,309.798,-91.7979,28.0217,0.624992,157.574,27.9122,0.00865975,328.656,-87.1289,30,0.704058,152.95,24.8929,0.0058813,289.313,-91.2323,26.111,0.601361,155.329,26.9719,0.00678726,310.947,-89.028,30,0.665547
162,149.71,24.9928,0.00500313,299.264,-89.8625,30,0.654387,160.61,27.1402,0.00755055,321.304,-88.1179,30,0.678169,154.935,25.9142,0.00646161,309.251,-92.2412,28.008,0.615571,157.221,27.8878,0.00896435,329.733,-86.8202,30,0.699263,151.667,24.9266,0.005774,288.208,-91.2923,26.0887,0.599771,155.262,26.8942,0.0074325,311.438,-88.8741,29.9947,0.670203
163,150.95,25.1863,0.00471527,301.244,-90.1817,29.9141,0.651761,159.81,27.1726,0.00708901,320.046,-87.7489,30,0.676565,154.733,26.0476,0.00565939,311.872,-91.7512,27.9001,0.616212,157.171,28.1638,0.00869362,329.665,-87.0307,30,0.695717,151.454,25.1726,0.00590841,291.125,-91.2884,25.9481,0.60128,155.55,27.1638,0.00713389,308.288,-88.7546,30,0.665777
164,150.065,24.9213,0.00489284,298.719,-89.9532,30,0.650031,159.166,27.048,0.00734022,321.424,-88.0392,30,0.676911,155.538,25.9062,0.00626723,308.824,-92.107,27.9896,0.624432,158.863,27.8827,0.00885822,328.598,-86.994,30,0.704008,152.86,24.9534,0.00549174,291.585,-90.816,25.8511,0.598201,155.844,26.8919,0.00669957,308.151,-88.914,29.9288,0.665523
165,149.462,25.1208,0.00535149,299.932,-90.0504,30,0.647006,159.431,26.9167,0.00717276,319.517,-87.7535,30,0.679119,155.869,25.8194,0.00571028,310.264,-91.9307,27.8619,0.61903,158.298,28.0792,0.00913814,329.282,-87.2439,30,0.696288,152.895,24.9901,0.00531726,291.065,-91.0012,25.943,0.60312,156.734,27.0692,0.00654696,310.265,-88.842,29.891,0.667287
166,150.765,24.808,0.00525273,299.895,-90.0319,29.8521,0.653194,159.72,27.0163,0.0076773,320.811,-87.7264,30,0.678997,155.907,26.0568,0.00579815,308.506,-91.7945,27.9587,0.621605,157.942,27.8796,0.00910169,328.243,-87.052,30,0.69936,152.497,25.1312,0.00577124,288.155,-91.1835,26.011,0.604348,156.67,27.137,0.00680321,309.718,-89.0176,29.8972,0.665311
167,150.894,24.8963,0.00473995,298.334,-89.7429,30,0.65167,160.823,26.9382,0.00762151,318.155,-88.1879,30,0.682668,154.701,25.9507,0.00603355,308.001,-92.1553,27.9125,0.617505,158.612,27.9119,0.00869152,330.017,-86.7806,30,0.695785,151.713,25.0991,0.00555069,291.267,-90.7242,26.0878,0.601038,155.987,26.816,0.00748432,309.534,-89.2087,30,0.667843
168,150.172,25.0347,0.00494573,301.344,-90.141,29.9846,0.650377,160.327,27.1136,0.00739481,320.584,-88.2096,30,0.678831,155.459,25.8081,0.00570519,309.948,-91.773,28.0082,0.624299,157.968,27.9962,0.00861975,331.211,-87.1518,30,0.704108,152.887,25.0081,0.00567709,291.114,-91.2214,26.0303,0.595343,155.995,26.8619,0.00668292,309.46,-89.0405,30,0.665744
169,150.007,24.8731,0.00507398,300.55,-89.966,30,0.648356,160.53,26.9731,0.00748418,320.592,-88.289,30,0.681186,154.62,25.8343,0.00559094,311.693,-91.8864,27.8881,0.618567,158.185,28.1342,0.00854366,328.947,-86.7662,30,0.697014,152.918,25.0454,0.00526167,288.268,-91.2831,25.9234,0.603815,155.832,27.0881,0.00741829,309.632,-89.1852,30,0.674081
170,150.609,24.8263,0.00519257,300.288,-89.7555,29.8867,0.65034,160.759,26.964,0.00748199,318.282,-88.1331,30,0.684451,154.565,25.9843,0.0061713,308.649,-92.0081,28.0716,0.623669,158.253,28.0676,0.00862628,331.783,-87.2205,30,0.697648,152.867,25.088,0.00575381,288.876,-91.0342,26.0353,0.6027,155.208,27.1849,0.00739022,309.081,-88.8063,30,0.669618
171,149.629,25.0324,0.00522989,299.644,-89.9225,30,0.652111,159.104,27.1439,0.00745825,319.05,-88.1549,30,0.683868,154.757,26.0999,0.00559682,309.904,-91.705,28.0811,0.617105,158.003,27.8934,0.00890956,331.12,-86.8373,30,0.704222,152.185,24.952,0.00550194,290.42,-90.9641,25.9959,0.600049,155.353,27.1251,0.00704176,308.524,-88.8403,30,0.674473
172,149.738,24.8542,0.0050184,298.45,-89.7396,29.9051,0.647528,159.813,26.9533,0.00779466,319.825,-88.1975,30,0.680091,154.295,26.0447,0.00606575,310.859,-91.7374,28.1237,0.624461,157.489,27.8526,0.00880228,331.58,-86.7168,30,0.6961,152.895,24.9693,0.00500931,289.77,-91.2724,26.0132,0.598386,155.947,27.0453,0.0073688,310.648,-89.0396,30,0.674056
173,149.24,25.0128,0.00478451,298.188,-89.8989,30,0.646629,160.625,27.1414,0.00791434,319.061,-87.7576,30,0.680523,154.101,25.8176,0.00622037,309.778,-92.1462,27.9071,0.6217,157.001,28.1224,0.00857925,328.766,-87.0683,30,0.69855,151.641,25.1856,0.00564158,288.094,-91.0419,26.1125,0.598015,155.189,27.1034,0.00710601,310.281,-89.2679,29.8921,0.671225
174,149.416,25.0016,0.00504488,299.134,-89.7309,30,0.652224,159.156,26.8425,0.00749278,318.643,-87.713,30,0.679875,154.728,26.0558,0.00562904,309.721,-92.1352,28.1163,0.615406,158.827,28.1332,0.00879757,331.157,-87.2813,30,0.700266,151.607,24.945,0.00506641,291.957,-91.2764,26.0465,0.599427,156.898,26.8984,0.00703209,309.929,-88.8783,29.8704,0.666938
175,149.429,25.0953,0.00468914,300.294,-90.1709,30,0.654422,160.037,26.9409,0.00723406,318.199,-88.1389,30,0.680336,155.888,25.9585,0.00619386,309.957,-91.9925,27.9303,0.61955,157.942,28.0827,0.00944064,329.317,-87.2747,30,0.700445,151.337,25.1042,0.00598493,291.783,-91.1817,26.1126,0.602045,155.908,27.0162,0.0073496,309.921,-89.0761,29.998,0.670791
176,149.378,25.1604,0.00517419,300.533,-90.2403,30,0.64621,159.157,27.0109,0.00740279,320.355,-88.2465,30,0.676748,155.974,26.0245,0.00618744,309.302,-92.2432,28.1428,0.617863,157.848,28.0599,0.0085247,331.241,-86.9781,30,0.695616,151.325,25.158,0.00568602,289,-91.2606,26.0572,0.600724,155.809,26.9454,0.00671681,310.678,-88.7176,29.9027,0.670971
177,149.848,24.9787,0.00475415,301.301,-90.0088,30,0.648048,159.364,26.8344,0.00771412,318.785,-87.886,30,0.679158,154.938,25.9471,0.00560062,309.239,-91.9018,28.0497,0.617862,157.92,27.8774,0.00871037,328.092,-86.762,30,0.697275,151.559,24.851,0.00563926,288.301,-91.2195,26.0434,0.598397,156.416,27.023,0.00675602,310.603,-89.2302,30,0.669371
178,149.536,25.0416,0.00537133,301.996,-89.9353,29.9714,0.647252,159.514,26.9918,0.00736728,321.655,-88.079,30,0.678835,155.673,26.0603,0.00611417,309.337,-91.8093,27.8615,0.623708,158.025,27.9593,0.00899717,330.67,-87.2923,30,0.699467,151.686,24.8553,0.00543947,289.985,-91.0578,26.0536,0.599209,156.923,27.0397,0.00730748,308.437,-89.0616,29.9511,0.670695
179,150.722,24.8313,0.00457257,301.401,-90.1723,30,0.650429,160.666,26.85,0.00712978,320.227,-87.7322,30,0.678269,155.213,26.1722,0.00633693,311.982,-92.2865,27.8839,0.621095,158.641,27.9141,0.00873921,331.148,-87.2662,30,0.700058,152.121,25.0914,0.00535485,290.451,-90.9488,26.0143,0.601405,155.519,26.8339,0.00661927,308.898,-88.9999,30,0.672013
180,150.578,24.9404,0.00490465,299.575,-90.1849,29.8684,0.650909,160.978,26.8667,0.00704668,321.118,-88.1484,30,0.682039,155.891,25.9636,0.00616197,309.859,-91.9216,27.9849,0.616886,158.016,28.0114,0.0093106,330.942,-86.9017,30,0.702206,152.001,25.1576,0.00591987,288.221,-90.8076,25.8613,0.598672,156.085,26.8592,0.00724631,308.033,-89.1988,30,0.672144
181,150.833,25.0822,0.00517178,299.577,-90.2992,29.886,0.650346,160.35,26.967,0.00773068,320.087,-88.2555,30,0.6834,155.45,26.1579,0.00561756,311.961,-92.1744,27.8535,0.624974,157.562,28.0672,0.00867668,330.321,-86.7576,30,0.701703,151.376,25.0499,0.00533645,288.845,-91.1121,25.9037,0.604019,155.794,26.8981,0.00694841,309.282,-88.8533,30,0.66938
182,150.722,25.0263,0.00465724,300.762,-89.9919,30,0.653897,159.881,27.1605,0.00775067,319.954,-87.9381,30,0.684836,155.335,25.8175,0.00582662,310.493,-92.2662,27.8572,0.6195,157.665,27.9753,0.00876269,328.659,-86.8865,30,0.697002,151.639,25.0367,0.00507223,288.59,-91.2561,26.0937,0.602524,156.507,27.0865,0.00716939,309.908,-88.9146,29.8615,0.671215
183,150.556,25.0001,0.00485751,299.11,-89.9143,30,0.65371,159.685,27.1079,0.00756136,321.531,-87.9833,30,0.680779,155.499,26.1859,0.00557356,308.214,-91.7375,28.009,0.621149,157.965,27.8375,0.00926809,330.989,-87.113,30,0.703378,151.145,25.1524,0.00525666,290.372,-90.7384,26.0534,0.599144,156.379,26.9376,0.00677726,311.987,-88.8495,30,0.668553
184,149.098,24.8124,0.00505418,301.048,-89.9776,30,0.645334,159.734,26.8948,0.00744727,318.29,-87.7275,30,0.684223,154.852,26.1942,0.00605406,311.723,-92.2968,28.0745,0.624031,157.279,27.8385,0.00892457,331.735,-86.9746,30,0.696411,151.002,25.1241,0.00508757,290.535,-90.7512,25.9126,0.601653,155.157,27.0415,0.00666393,310.944,-89.1193,29.989,0.670994
185,149.343,25.0967,0.00480264,300.649,-90.205,30,0.646282,159.851,26.8989,0.00774838,319.048,-87.771,30,0.676964,155.228,25.8351,0.00589154,310.853,-91.9043,28.0374,0.617825,157.756,27.8412,0.00921902,330.016,-86.8747,30,0.698244,151.668,24.8103,0.00534105,291.213,-90.7616,26.0055,0.599555,155.062,27.1517,0.00651301,311.779,-89.0065,29.9526,0.674242
186,149.049,25.0326,0.00504893,298.877,-90.0427,30,0.652271,159.001,27.1747,0.00716453,318.934,-88.1419,30,0.676231,155.973,25.9261,0.0056153,308.428,-91.8683,28.1064,0.61757,157.042,27.8892,0.00855652,328.414,-87.0411,30,0.700159,151.507,25.1762,0.00590594,290.267,-91.0873,25.9643,0.599119,156.455,26.9807,0.00735673,311.776,-89.0984,30,0.665951
187,149.401,24.9654,0.0047062,301.506,-90.205,29.9867,0.651057,160.384,26.9532,0.0078691,320.273,-88.0363,30,0.679647,155.641,26.0458,0.00633216,309.976,-92.2289,27.8541,0.618032,158.396,28.1161,0.00879575,329.983,-87.0473,30,0.697313,151.273,24.8787,0.00505533,288.793,-91.2945,26.0382,0.598164,156.946,26.8775,0.00684583,309.431,-89.2949,30,0.66532
188,150.88,25.1568,0.00503552,300.174,-89.9077,29.9661,0.651472,159.09,26.8216,0.00745723,320.198,-87.7673,30,0.683226,154.42,25.9576,0.0058166,309.601,-92.2097,28.0011,0.623016,157.883,27.9962,0.00934877,330.824,-87.0057,30,0.703849,152.154,24.8885,0.00526912,291.213,-91.2735,26.1476,0.596304,156.592,26.9579,0.00699222,311.523,-89.0523,30,0.665493
189,149.005,24.8979,0.00518058,298.485,-90.2317,29.9733,0.651478,160.424,26.8714,0.00707959,321.762,-88.1436,30,0.683635,155.545,25.8675,0.0063218,311.077,-91.942,27.9512,0.617625,157.244,28.0039,0.00908526,329.437,-87.0148,30,0.70141,152.803,24.8656,0.00538141,288.563,-90.925,26.0687,0.604319,155.558,27.1801,0.00656326,310.412,-89.2657,30,0.670298
190,150.339,25.1326,0.00465031,298.154,-89.7727,29.9445,0.64629,159.937,27.0393,0.00703097,319.1,-88.2803,30,0.683951,155.965,26.0548,0.00566164,311.623,-91.9903,27.8961,0.624217,158.515,28.0927,0.00920918,328.801,-87.1734,30,0.697197,151.877,25.1128,0.00578395,289.813,-90.8247,26.1016,0.601548,155.457,26.9096,0.00681484,308.467,-89.1361,29.9129,0.669553
191,150.817,24.8418,0.00522027,300.749,-90.2425,30,0.650685,159.727,27.1026,0.00725737,320.774,-88.2762,30,0.679482,155.273,25.8885,0.00617707,311.089,-92.0161,28.0353,0.619563,158.788,27.9991,0.00934181,331.205,-87.0537,30,0.699061,152.652,24.8911,0.00552444,291.224,-91.0879,26.0427,0.597456,155.219,27.1178,0.00659897,309.086,-88.7869,29.9539,0.67473
192,150.959,24.9073,0.00454098,300.82,-90.0294,29.8802,0.652075,159.062,27.1481,0.00713865,318.509,-88.1946,30,0.681932,155.603,25.9591,0.00583631,308.938,-92.0116,28.0155,0.621318,157.514,28.1795,0.00866976,331.863,-87.2911,30,0.698334,151.898,25.0283,0.00543559,289.659,-90.8604,26.0558,0.603333,155.5,27.0438,0.00708519,309.479,-89.0084,29.9441,0.666418
193,149.428,24.8422,0.00518307,300.643,-89.7296,30,0.64552,160.768,27.1451,0.00744332,320.343,-87.7144,30,0.684053,154.166,25.8764,0.00594075,310.339,-91.8103,28.1465,0.618889,157.095,28.1205,0.00910438,328.794,-87.0031,30,0.702704,151.999,24.9221,0.00597374,290.653,-91.0551,25.9341,0.602311,155.484,26.8687,0.00702983,309.16,-88.9227,29.8854,0.671549
194,149.567,24.8001,0.00462694,301.734,-89.7796,29.9201,0.652784,160.217,27.1884,0.00737361,320.726,-88.2619,30,0.684638,155.078,25.9152,0.00562027,310.814,-91.9131,27.9622,0.624509,157.044,27.9215,0.00942107,329.284,-87.1486,30,0.703238,151.206,25.1772,0.00579507,288.725,-90.8728,25.9655,0.599023,156.567,27.1851,0.00662666,309.683,-89.0114,29.9629,0.668632
195,149.105,25.0742,0.00493621,298.779,-89.8104,30,0.649864,159.597,27.0552,0.00728815,318.944,-87.8617,30,0.675948,154.014,25.8612,0.00556899,311.983,-92.1267,27.8948,0.61741,158.872,28.0081,0.00886482,331.494,-87.063,30,0.697073,151.756,24.9267,0.0056773,289.158,-90.9537,25.8698,0.596913,155.815,27.1748,0.00687725,310.656,-89.1469,29.8881,0.665585
196,149.611,24.8631,0.00467401,301.043,-90.2905,30,0.648795,160.013,27.0251,0.00731337,319.18,-87.86,30,0.676926,154.195,26.1591,0.0058499,310.205,-92.0843,27.8877,0.620893,158.05,27.8812,0.00895187,331.188,-86.9457,30,0.70048,152.405,25.1171,0.00562912,288.611,-90.8739,26.0532,0.595244,155.823,26.9332,0.00716941,308.865,-88.9455,30,0.672978
197,150.843,25.1914,0.00451067,300.491,-90.0523,30,0.647518,160.962,27.0455,0.00779354,318.342,-88.1899,30,0.67522,155.634,25.8056,0.00615712,309.46,-91.9331,28.0588,0.618425,157.216,27.8279,0.00908894,330.083,-86.8547,30,0.699224,151.796,24.8106,0.00533556,291.904,-90.7759,25.9488,0.600878,156.695,26.9765,0.00651796,308.298,-88.9938,30,0.671932
198,149.142,24.8757,0.00527132,301.366,-89.9294,30,0.645283,160.657,27.1153,0.00725904,320.835,-88.1711,30,0.677011,154.357,25.9351,0.00591845,310.034,-92.0139,27.9312,0.615292,158.21,27.9583,0.00879867,331.468,-86.852,30,0.69995,151.262,25.0785,0.00520607,289.765,-91.261,26.0976,0.596259,156.806,27.1457,0.00696458,310.977,-88.9283,30,0.669318
199,150.572,24.985,0.00544097,299.945,-90.0224,30,0.653216,160.109,26.8719,0.00746776,321.872,-87.8482,30,0.675328,154.936,26.0586,0.00633003,308.197,-91.7885,28.0145,0.616973,157.635,27.9128,0.00903086,328.207,-87.2049,30,0.696326,151.467,24.9813,0.00551712,291.054,-91.0316,26.087,0.601183,155.226,26.8625,0.00693703,309.588,-88.8539,30,0.668881
200,149.342,24.8907,0.0050755,299.694,-89.991,29.9012,0.651629,160.705,26.9032,0.00749151,321.902,-88.1001,30,0.675902,155.212,25.8359,0.00645924,310.863,-91.8271,28.0612,0.620897,157.9,28.1433,0.00945684,329.996,-86.7411,30,0.700384,151.909,24.8837,0.00500372,288.966,-90.9942,25.964,0.599485,156.961,26.9401,0.00695218,308.534,-89.2712,30,0.670707
201,150.521,24.8599,0.00507183,299.015,-90.1632,29.8535,0.646303,159.619,26.8468,0.00798586,319.235,-88.2218,30,0.680877,154.128,26.145,0.0064615,308.987,-92.0299,27.8566,0.621407,157.828,27.908,0.00870684,330.616,-87.0503,30,0.701891,152.13,25.1435,0.00511748,291.143,-90.8959,25.8845,0.601948,155.883,27.178,0.00664161,310.571,-89.0708,30,0.6683
202,150.924,25.1606,0.00477038,301.214,-89.7026,29.9258,0.649368,160.04,26.918,0.00701526,318.881,-88.1308,30,0.676711,155.747,26.082,0.0055852,310.6,-91.9078,28.1369,0.61503,157.496,28.1711,0.00943213,330.882,-86.8405,30,0.700139,151.463,24.8725,0.0058103,288.54,-91.0188,26.1316,0.596858,156.956,27.1977,0.00705562,308.681,-89.1103,29.9773,0.668093
203,149.561,25.1889,0.00465336,300.933,-90.2998,30,0.654159,159.576,26.8742,0.00765168,320.85,-87.8872,30,0.677522,155.912,26.1693,0.00595732,311.385,-92.0286,27.9773,0.616568,157.853,28.015,0.0085225,329.776,-86.8312,30,0.701352,152.819,24.8072,0.00555705,291.149,-90.9752,25.9472,0.596363,156.775,26.9883,0.00737812,310.343,-88.8955,30,0.671592
204,149.796,25.0055,0.00530305,299.495,-90.0671,29.8787,0.654146,159.182,27.0593,0.00741319,319.622,-87.8923,30,0.680937,155.544,26.1313,0.00567053,311.59,-91.9063,28.1146,0.619853,158.084,28.1676,0.00939991,329.793,-87.1354,30,0.698878,151.574,24.9074,0.00586106,288.279,-90.8934,25.9018,0.598445,155.123,26.908,0.00726842,311.54,-89.1671,29.9891,0.669703
205,150.747,25.1051,0.00501308,300.683,-89.7916,29.8529,0.649029,160.814,27.0961,0.00754284,320.119,-88.0913,30,0.681554,154.837,26.0857,0.00636123,308.619,-92.0291,27.9724,0.621875,157.5,28.0561,0.00937749,329.673,-86.7534,30,0.696061,151.466,25.1802,0.00595833,288.391,-91.291,25.8983,0.60496,155.36,27.001,0.00734842,308.082,-88.9373,29.9331,0.673623
206,149.567,25.0747,0.00517422,298.886,-90.2791,29.9728,0.647892,160.618,27.1201,0.00745702,320.426,-87.9374,30,0.67925,154.551,25.906,0.00603619,309.797,-92.0359,27.8773,0.622186,157.427,27.8788,0.00891276,328.911,-86.9497,30,0.699489,152.074,24.8814,0.00515575,291.522,-91.0398,25.9736,0.595356,155.996,27.0217,0.00705884,310.828,-89.1935,29.9257,0.673107
207,150.894,24.8544,0.00499765,298.857,-90.264,29.9477,0.646437,160.42,27.0135,0.00714383,318.037,-87.8151,30,0.681062,154.674,26.0342,0.00581565,308.348,-92.1662,27.9064,0.61928,158.317,27.9055,0.00851207,330.076,-86.9365,30,0.700895,151.942,25.0294,0.0059279,291.314,-91.1062,25.9212,0.597626,156.009,27.0976,0.00700322,308.271,-88.8659,30,0.667895
208,150.328,24.9706,0.00538912,301.381,-89.9847,30,0.653833,159.991,26.9253,0.00775367,318.88,-88.0669,30,0.682244,154.808,25.8859,0.00585597,309.136,-92.1943,28.073,0.617521,157.908,27.9543,0.00948208,329.564,-87.252,30,0.700908,152.199,24.9675,0.00543184,288.216,-90.9901,26.0014,0.596495,155.208,26.8494,0.00660103,310.439,-89.1821,29.9254,0.666736
209,150.916,25.1418,0.00473049,299.31,-90.1741,29.9976,0.645196,160.343,27.0093,0.00789864,318.658,-87.8175,30,0.676272,154.797,25.8681,0.00575472,309.053,-91.9663,27.9734,0.624477,157.253,28.1895,0.00873064,331.091,-87.0966,30,0.703579,151.618,25.0635,0.00556644,289.887,-91.0025,26.0697,0.595878,156.336,27.1583,0.00655779,308.563,-88.87,29.9812,0.669035
210,149.274,25.0027,0.00462655,299.906,-89.8418,29.9275,0.649808,160.984,27.0747,0.00784136,319.659,-87.8393,30,0.676229,154.406,25.9608,0.00634574,309.385,-91.9072,28.0628,0.620862,157.714,28.0308,0.00884227,328.335,-86.7043,30,0.695723,152.757,24.9207,0.0056503,289.316,-91.0651,25.9286,0.59843,155.821,27.0882,0.00701154,311.774,-89.2749,30,0.670842
211,150.84,24.8197,0.0050735,301.415,-90.1548,30,0.64519,160.465,27.1732,0.0076572,319.756,-88.2731,30,0.679703,154.058,26.0759,0.00598184,308.497,-92.1714,27.8693,0.620743,158.244,28.0023,0.0093171,331.444,-86.9306,30,0.701952,151.836,25.0262,0.00564908,289.401,-90.7497,25.8902,0.601715,155.009,27.1699,0.0066125,308.38,-89.1002,29.9621,0.667143
212,150.17,24.9772,0.00453418,299.279,-89.8137,30,0.652249,160.396,26.9244,0.00709966,319.09,-87.8009,30,0.679938,154.019,25.856,0.00582208,310.314,-92.2549,28.133,0.618651,158.825,28.1122,0.00925544,330.427,-86.9239,30,0.701287,152.107,25.1946,0.00573229,291.108,-90.7765,25.9147,0.595838,155.966,27.0056,0.00732918,309.775,-88.9575,30,0.665382
213,150.23,25.1312,0.0046575,300.377,-89.9438,29.8993,0.646235,160.96,26.9575,0.00722742,318.685,-87.8994,30,0.681436,154.176,26.1574,0.00588927,309.253,-92.0226,27.967,0.623636,158.859,27.9214,0.00936394,331.126,-86.7415,30,0.70077,151.549,25.1296,0.00500532,290.259,-91.0965,25.9468,0.601449,156.703,27.0437,0.00735317,309.058,-88.9883,29.9852,0.665116
214,150.114,25.0646,0.00509191,300.945,-89.9572,29.87,0.646164,160.193,26.91,0.00707965,319.718,-87.9674,30,0.682204,155.288,25.9331,0.00625487,310.595,-91.9175,28.016,0.615114,158.393,27.9504,0.00944261,331.272,-86.9474,30,0.697037,151.681,24.9906,0.00529607,290.06,-91.2008,26.1433,0.596079,156.864,27.1654,0.00702536,310.9,-89.0384,30,0.668406
215,149.602,25.0313,0.00499813,300.318,-90.128,29.9601,0.645839,159.105,26.9014,0.00707425,318.415,-87.8122,30,0.681589,154.545,26.1486,0.00598499,309.222,-91.9894,27.9646,0.620643,157.229,28.1988,0.00892556,329.393,-86.8739,30,0.703333,151.909,25.0878,0.00510745,291.384,-90.8586,25.9135,0.596453,155.633,27.1904,0.00675683,309.825,-89.282,29.9692,0.670713
216,150.906,25.0067,0.00531911,300.189,-90.2755,29.9445,0.650755,160.901,27.1437,0.00722836,318.88,-88.1793,30,0.683527,155.55,25.9571,0.00600438,309.857,-92.148,28.0015,0.615305,157.264,28.1546,0.00925168,329.691,-86.9897,30,0.702408,152.568,25.1053,0.00572261,288.818,-91.0972,25.991,0.598308,156.51,26.9317,0.00663823,309.596,-88.7121,29.9178,0.671122
217,149.866,24.8284,0.00498788,300.809,-89.9921,30,0.647889,159.172,27.1746,0.0073782,320.306,-87.8248,30,0.682162,154.271,25.9165,0.00564471,311.245,-92.1664,28.0652,0.624433,158.056,28.016,0.00896103,329.304,-87.0146,30,0.70486,152.876,25.1449,0.00588913,289.871,-90.9055,26.1185,0.59893,156.924,26.9663,0.00710108,310.839,-88.7296,29.9234,0.672461
218,150.042,24.9074,0.00527661,300.209,-89.9034,29.9469,0.649813,160.235,26.962,0.00719837,321.847,-87.9931,30,0.67911,154.71,25.9629,0.0059092,310.177,-91.9739,27.9991,0.616348,157.992,27.8676,0.00862614,331.731,-86.937,30,0.699018,152.818,25.0552,0.00576917,289.474,-90.724,26.0961,0.603539,155.344,26.9084,0.00678563,309.084,-88.7868,29.8596,0.665761
219,149.548,24.8799,0.00473186,301.192,-89.9621,29.8517,0.649293,159.816,26.8456,0.00767614,320.808,-87.8675,30,0.675001,155.908,26.1257,0.00640398,308.063,-91.7397,28.0929,0.623372,157.187,28.0955,0.00945992,330.714,-86.9577,30,0.699429,152.199,24.9905,0.00593285,288.304,-90.9993,26.0561,0.602919,156.166,27.1636,0.00744199,308.257,-89.0586,29.857,0.668294
220,150.074,25.1643,0.00534655,298.51,-90.2442,30,0.650321,159.533,27.1598,0.00792737,319.61,-87.7658,30,0.682368,154.952,25.849,0.00642793,309.816,-91.8593,27.9602,0.615189,157.201,27.9985,0.00918996,329.339,-86.8827,30,0.702039,151.985,25.166,0.0054892,289.801,-91.1804,25.9423,0.595423,156.267,26.8994,0.00680416,311.083,-89.1037,29.9227,0.666691
221,150.55,24.8519,0.00495375,300.028,-89.8876,30,0.653107,159.09,26.9186,0.00728013,318.584,-88.1265,30,0.680219,155.327,25.9524,0.00621947,309.345,-92.1258,28.0124,0.615237,157.16,27.9672,0.00944291,330.886,-87.2471,30,0.702323,152.222,25.1281,0.00540411,288.886,-90.9928,26.0147,0.600383,156.13,27.1795,0.00740225,311.503,-88.8191,30,0.665985
222,149.53,24.998,0.00534653,300.021,-89.8512,29.8917,0.647524,160.464,26.8659,0.00735136,319.059,-88.0901,30,0.678678,155.111,25.84,0.00630502,309.48,-91.9109,28.0676,0.617097,158.769,28.0465,0.00892873,328.729,-86.7346,30,0.69708,151.675,25.1239,0.00569568,291.063,-91.0353,26.0649,0.598865,155.423,27.0531,0.00747601,309.242,-89.0234,30,0.670415
223,150.687,25.1047,0.0045583,301.994,-89.8486,30,0.651512,160.713,26.845,0.00734774,321.506,-88.179,30,0.682881,155.671,25.8651,0.00635435,310.747,-91.988,28.0991,0.619192,157.388,27.9139,0.00900516,330.125,-86.8167,30,0.700814,152.562,24.8767,0.00505006,291.495,-91.2547,25.924,0.601953,155.819,27.1505,0.00679798,308.047,-89.1196,30,0.668759
224,150.07,25.1506,0.00541249,299.064,-90.0227,30,0.654491,160.997,26.8942,0.00772698,319.512,-88.2951,30,0.679606,154.977,25.809,0.00618693,309.176,-91.9641,27.9403,0.616671,157.814,27.8929,0.0090348,328.795,-86.995,30,0.70171,152.508,24.8442,0.0054678,288.283,-90.9411,25.9293,0.600276,156.035,27.1697,0.00704908,310.332,-89.059,30,0.672772
225,149.571,25.1377,0.0049324,301.315,-89.8063,29.9067,0.652011,159.581,26.919,0.00729635,320.902,-88.1621,30,0.682152,154.342,25.8418,0.00573752,309.52,-92.0145,27.8634,0.624706,158.432,27.9293,0.0088187,329.794,-86.9243,30,0.696889,152.719,24.9025,0.00538019,291.485,-90.9021,25.9525,0.601837,155.039,27.0943,0.00698702,311.253,-88.7272,30,0.674093
226,150.024,24.9441,0.00496504,300.76,-89.7696,29.9121,0.654182,160.63,27.1915,0.00788025,319.12,-88.2364,30,0.677912,155.228,26.1217,0.00639925,310.495,-92.2966,27.9059,0.615997,157.727,28.0005,0.0085434,329.394,-87.1925,30,0.699643,151.991,24.9711,0.00595602,288.859,-90.99,26.0708,0.600568,156.858,26.9512,0.00696368,308.354,-88.9346,29.9365,0.666603
227,150.089,25.0129,0.00457587,300.793,-89.9257,29.9067,0.649694,160.441,27.0118,0.00739549,319.289,-87.9338,30,0.681717,154.149,25.9843,0.00639082,308.378,-91.7067,28.1347,0.615783,158.867,27.9453,0.00934471,329.674,-87.0355,30,0.702745,151.068,25.0373,0.00518673,289.384,-91.0912,25.9907,0.598341,155.215,26.8583,0.00653344,309.881,-88.7273,29.8847,0.674463
228,150.467,25.055,0.00514528,301.307,-90.2358,30,0.651971,160.174,27.1331,0.00707227,320.763,-87.9796,30,0.678403,155.242,26.1564,0.00599618,311.299,-92.0587,27.8807,0.615615,157.103,27.9521,0.00883724,330.872,-86.8543,30,0.697211,151.549,25.019,0.00514452,288.536,-90.7337,26.0913,0.596807,155.813,26.9422,0.007291,310.041,-89.2233,30,0.668969
229,149.526,24.9502,0.00499776,299.372,-90.1549,29.9696,0.645192,160.545,26.8684,0.0070439,320.615,-87.8356,30,0.679935,154.411,26.0949,0.00619971,308.985,-91.758,27.8813,0.624827,158.72,28.0752,0.00943875,330.889,-87.1857,30,0.695715,151.779,25.0966,0.00538644,289.321,-90.9428,26.1117,0.595476,155.771,26.8633,0.00719535,308.423,-88.9011,29.9359,0.666989
230,150.873,24.8074,0.00493778,298.087,-90.0098,30,0.648217,159.264,26.9506,0.00767226,321.13,-87.9815,30,0.677006,154.575,25.8648,0.0057493,308.9,-91.9883,28.0188,0.624449,157.391,28.0567,0.00931726,330.241,-87.147,30,0.695393,151.611,25.0978,0.00504752,288.877,-90.8763,26.0848,0.599553,156.396,26.9552,0.00665991,309.593,-88.952,30,0.665688
231,150.015,24.9316,0.00500831,298.096,-90.1122,30,0.650539,159.901,26.9142,0.00729804,319.532,-87.7987,30,0.679387,154.787,26.1386,0.00592691,310.208,-92.1614,28.0731,0.62032,158.618,28.1123,0.008715,330.863,-86.82,30,0.696726,151.005,24.9804,0.00535243,290.22,-91.1872,26.1079,0.597578,155.453,26.9923,0.00699885,308.86,-89.1369,29.9009,0.672185
232,150.54,24.9849,0.00521409,300.944,-90.217,30,0.65321,159.409,26.8745,0.00712566,318.554,-87.8511,30,0.682829,155.493,26.0418,0.00618637,308.073,-92.1129,28.0413,0.615093,157.066,28.1408,0.00918402,329.061,-86.8872,30,0.698068,151.072,25.1731,0.00534518,288.426,-91.0049,26.0805,0.597216,155.539,26.8971,0.00749167,308.79,-88.9547,30,0.666469
233,150.942,25.179,0.00538457,298.858,-89.9196,30,0.65486,159.361,27.1064,0.0073388,318.703,-88.0472,30,0.679648,155.075,26.1981,0.00589911,310.462,-92.0809,27.9678,0.621956,158.876,28.0169,0.0092684,328.357,-87.1733,30,0.6952,151.506,25.007,0.00501496,289.058,-90.9916,26.0219,0.604258,156.291,26.9659,0.00743035,311.14,-89.18,29.8893,0.671758
234,150.12,25.1159,0.00523881,300.501,-89.7082,30,0.646131,160.657,26.9007,0.0077773,321.828,-87.8819,30,0.679604,154.729,25.9412,0.00613637,311.005,-91.8929,27.9095,0.61994,158.583,27.9903,0.00903662,331.085,-86.9032,30,0.703954,151.325,25.1982,0.00511885,288.06,-90.766,25.9235,0.602297,156.622,27.1436,0.00749159,309.176,-88.8739,29.8846,0.669068
235,150.696,24.9471,0.0050911,300.015,-89.9124,30,0.645557,160.148,27.1452,0.00748138,318.314,-87.9637,30,0.676549,155.698,26.0086,0.00643328,311.224,-91.8842,27.8515,0.619278,157.395,28.1643,0.00867458,329.144,-86.9899,30,0.697099,152.198,24.8356,0.00505817,289.489,-90.8676,26.0164,0.599229,156.132,26.9462,0.00743615,308.22,-88.896,30,0.673039
236,149.368,24.9184,0.00521705,298.337,-89.8129,30,0.652296,159.2,27.0871,0.00767982,321.324,-88.275,30,0.67873,154.298,26.0234,0.00641735,309.566,-91.793,27.8501,0.616685,157.061,27.9313,0.00940819,328.388,-86.9362,30,0.704385,151.245,24.8848,0.00502954,289.736,-91.1333,26.111,0.601049,156.228,27.0128,0.00659185,309.78,-88.7003,30,0.673935
237,150.646,24.8412,0.00472745,298.012,-90.1179,29.8826,0.649728,160.354,27.1498,0.00774922,321.754,-88.2677,30,0.681613,154.579,25.9014,0.00583089,309.079,-91.9931,27.982,0.620124,158.345,27.9549,0.00875131,328.665,-87.0903,30,0.702567,152.334,24.8936,0.00558809,290.283,-91.0094,26.015,0.599918,156.131,27.0862,0.00660963,310.999,-89.2185,29.87,0.674761
238,150.914,24.8242,0.00494325,298.745,-90.0088,30,0.654506,160.269,26.9416,0.00760333,319.248,-87.7541,30,0.680582,154.65,25.9174,0.00553342,311.263,-92.0298,27.9475,0.619711,158.637,27.8498,0.00935766,331.59,-86.732,30,0.697171,151.747,24.9332,0.00517615,290.429,-91.014,26.1097,0.595321,156.288,27.1052,0.00725949,311.544,-88.8626,30,0.668327
239,150.006,24.8056,0.00450696,298.961,-90.2395,29.9281,0.64677,159.057,27.1637,0.00700822,320.944,-88.2087,30,0.683928,155.308,26.0689,0.00550534,311.939,-91.7733,28.1185,0.621592,157.69,28.1575,0.00879152,330.251,-87.2402,30,0.696408,151.45,25.0233,0.00576409,290.477,-91.1607,25.8503,0.602572,156.97,27.124,0.00696021,311.615,-89.0541,30,0.669771
240,149.895,25.1101,0.00502677,299.267,-90.1451,29.8613,0.650832,159.46,26.8593,0.00765383,320.725,-87.8487,30,0.683941,155.873,26.1229,0.00613559,309.215,-91.7102,27.9322,0.617027,157.884,27.8227,0.00947849,330.354,-86.9658,30,0.69997,151.064,25.0449,0.00571617,289.667,-90.8456,25.9181,0.597213,155.323,26.9488,0.00734701,311.312,-89.0703,30,0.672208
241,149.482,24.8673,0.0054721,300.47,-89.7112,29.9513,0.65203,159.445,26.9045,0.0075119,319.278,-88.1994,30,0.675357,155.409,25.9968,0.00559424,308.687,-92.2385,28.0338,0.615942,158.509,27.8082,0.00874938,331.563,-86.8689,30,0.703211,151.986,25.1387,0.00560074,290.727,-90.7039,25.9197,0.601239,155.921,26.8158,0.00651447,308.477,-88.9105,30,0.670534
242,149.064,24.9877,0.00542462,299.59,-89.925,30,0.652839,160.039,27.1432,0.00739138,321.555,-88.1559,30,0.675531,155.591,25.9668,0.00572912,308.927,-91.7592,28.1002,0.620535,158.232,27.9897,0.00889167,331.662,-87.2246,30,0.698446,151.996,24.9831,0.00551889,288.56,-90.9921,25.9227,0.596843,155.13,27.1051,0.00692744,310.507,-88.8634,30,0.669705
243,149.776,24.9504,0.00514005,299.979,-89.7905,30,0.646706,159.272,27.0522,0.00730123,318.074,-87.7668,30,0.684293,155.435,26.1051,0.00570146,308.937,-91.9872,27.9016,0.618054,157.643,27.8639,0.00870518,331.154,-87.1997,30,0.701294,152.952,24.9325,0.00511866,290.282,-90.7562,26.0852,0.601225,155.63,27.0168,0.00659124,310.716,-88.8649,30,0.667604
244,149.037,25.0182,0.00520679,301.162,-90.1838,29.9285,0.650126,159.661,27.1442,0.00747376,321.198,-87.9516,30,0.678327,155.663,25.9098,0.0060461,308.856,-92.0147,27.9455,0.617667,158.934,27.864,0.00928733,331.937,-87.2881,30,0.697529,151.081,24.9612,0.00593522,288.047,-90.9473,26.0004,0.603734,155.168,27.0726,0.00718011,310.676,-88.7346,30,0.66542
245,149.942,24.9592,0.00481015,299.805,-90.0695,29.9797,0.654793,159.177,27.1689,0.00748024,320.495,-87.8019,30,0.679304,154.819,25.9499,0.00642553,311.316,-92.2346,27.8824,0.619279,157.197,28.0476,0.00864369,330.089,-87.2957,30,0.701772,151.968,25.1913,0.0058741,289.436,-91.2727,26.1037,0.604112,156.641,26.8512,0.00749792,309.034,-88.8655,30,0.667357
246,150.817,24.9238,0.00547641,299.125,-89.7279,29.8661,0.652093,160.064,26.9912,0.00722349,320.822,-88.1855,30,0.677532,155.911,25.8115,0.00569973,308.969,-92.0516,27.9198,0.619913,158.745,28.0848,0.00907996,328.356,-86.8836,30,0.702864,151.5,24.9668,0.00535047,291.435,-91.2241,26.0197,0.596421,156.41,27.162,0.00693461,309.952,-88.7435,30,0.669876
247,150.157,25.0757,0.00460688,301.284,-90.0387,29.8717,0.652862,159.754,26.8401,0.00763378,321.521,-87.7673,30,0.683677,154.004,25.9521,0.00631854,309.465,-91.9391,28.0319,0.61865,158.809,28.0013,0.00896478,331.99,-87.0039,30,0.700131,152.628,25.1107,0.00578858,290.832,-91.1475,26.1086,0.603934,155.388,26.8522,0.0074756,311.473,-88.7641,30,0.670417
248,150.293,25.0181,0.00455121,300.982,-89.9968,30,0.650026,159.984,26.8687,0.00727871,318.635,-88.1826,30,0.676531,154.539,26.0362,0.00611018,308.616,-91.8238,28.0856,0.617373,157.577,28.1752,0.00932567,330.791,-87.2507,30,0.700593,151.375,24.9793,0.00560103,289.31,-90.8314,26.1021,0.598236,156.677,26.8414,0.00733773,308.611,-89.2502,30,0.669719
249,150.816,24.9453,0.00478715,300.003,-90.0264,29.9533,0.651937,160.519,27.1412,0.00797286,319.067,-87.8703,30,0.681771,154.952,26.1975,0.0062289,311.81,-91.799,28.1209,0.623144,157.918,27.9007,0.00887032,328.081,-86.9856,30,0.700253,152.948,25.1646,0.00516171,289.476,-91.0456,25.9582,0.602985,156.048,27.0288,0.00735301,311.224,-89.2207,30,0.669354
250,149.589,24.82,0.00498725,299.422,-90.1491,30,0.652695,159.49,26.8198,0.00784875,318.04,-87.7377,30,0.678218,154.493,25.8036,0.00573547,308.551,-91.9327,27.9,0.620286,158.18,27.9192,0.00853506,328.149,-87.2842,30,0.69818,152.593,24.9727,0.005453,290.052,-90.8722,25.9321,0.596216,156.112,26.9308,0.00694249,310.588,-89.0035,30,0.670442
251,150.48,25.0824,0.00503419,300.716,-89.7759,29.9797,0.649128,160.528,27.033,0.00707101,321.568,-88.2815,30,0.682588,155.906,25.8217,0.00609686,309.711,-92.1016,27.8771,0.620627,157.958,27.8418,0.00911249,330.952,-86.8396,30,0.699095,152.906,25.1462,0.0052965,288.637,-91.0388,25.9706,0.600757,156.167,27.1,0.00700989,308.419,-88.785,29.9429,0.674713
252,149.236,25.1833,0.00459101,298.924,-90.2721,30,0.653503,159.868,27.1714,0.0075903,320.52,-87.7927,30,0.678543,155.812,26.1604,0.00647648,311.607,-92.2236,28.0971,0.619098,158.982,27.9889,0.00905384,330.119,-87.107,30,0.703957,152.605,24.8558,0.00577677,290.503,-91.0545,25.9262,0.603597,156.4,27.0191,0.00710957,308.364,-89.0156,29.9081,0.667084
253,150.323,25.1645,0.00490376,298.831,-89.9108,30,0.652483,160.738,27.0146,0.00775188,318.56,-88.091,30,0.680113,155.858,26.1497,0.00563453,308.691,-92.0854,27.9372,0.621148,158.806,28.1849,0.0091536,331.353,-86.9849,30,0.700247,152.11,25.097,0.00521988,289.473,-91.0816,26.1378,0.599439,156.51,27.1003,0.00676554,310.287,-88.7634,29.9926,0.674451
254,149.429,24.8297,0.00539145,301.391,-89.7044,30,0.654367,160.654,27.1378,0.00756914,319.529,-87.7393,30,0.680388,154.892,26.0259,0.00597051,308.192,-91.7708,27.9833,0.620889,157.278,27.8014,0.00874529,330.818,-87.2405,30,0.69715,151.409,24.8726,0.00501398,291.087,-90.775,26.0342,0.596882,155.571,26.9904,0.00745435,308.989,-88.861,29.9818,0.667978
255,149.912,24.8285,0.00529869,298.973,-89.8648,29.8705,0.654551,159.386,27.1531,0.00780947,321.871,-88.0133,30,0.678707,154.369,25.9772,0.00566575,311.928,-92.2423,28.0268,0.621265,158.076,28.0649,0.00861618,330.22,-87.1277,30,0.702621,152.945,24.815,0.00528513,288.782,-91.2933,25.9227,0.601788,155.462,27.0036,0.00738782,310.775,-89.0632,29.9617,0.669557
256,149.354,25.0536,0.00486415,301.409,-89.8461,30,0.648642,159.42,27.1105,0.00748641,318.899,-88.1829,30,0.682772,154.458,26.0107,0.00595155,310.318,-91.7737,28.1103,0.619511,157.031,27.9706,0.00910619,330.231,-86.9092,30,0.701465,151.365,25.1002,0.00533909,290.84,-91.2713,25.9724,0.60205,155.454,27.1181,0.00713078,310.35,-89.0879,29.9947,0.670973
257,149.945,25.0793,0.0049337,298.809,-90.1716,29.8517,0.64801,160.498,27.1177,0.00720247,321.836,-87.9986,30,0.682068,155.445,25.834,0.00571999,308.035,-91.8703,27.9533,0.622867,157.678,28.1277,0.0086307,328.693,-87.0955,30,0.698487,152.527,24.8388,0.00535122,291.349,-91.2599,26.1327,0.604863,155.177,26.9165,0.0068724,311.106,-88.9424,30,0.672575
258,149.236,25.1333,0.00520562,300.309,-89.7662,30,0.647017,159.859,26.9976,0.00705522,321.819,-88.2229,30,0.680062,154.051,26.1699,0.00635184,310.097,-92.1626,27.8865,0.618634,157.511,28.0027,0.00946641,330.3,-86.766,30,0.699752,152.709,24.9885,0.00586863,289.166,-91.2227,26.1066,0.600874,156.778,27.1751,0.00655363,310.004,-89.075,30,0.672936
259,149.561,25.0227,0.00520873,298.538,-89.8116,30,0.654495,159.679,26.8433,0.0075065,318.343,-87.7183,30,0.682535,155.05,25.9474,0.00556584,310.489,-91.9489,27.9343,0.624102,157.608,27.9799,0.00904376,328.401,-86.7407,30,0.695808,151.775,25.0401,0.00551365,290.778,-91.2667,25.9354,0.603192,155.16,27.1422,0.0065919,311.338,-89.0835,30,0.666529
260,149.132,24.8864,0.00462785,299.25,-89.9914,30,0.652899,160.312,27.0435,0.00741178,319.895,-88.0513,30,0.6773,154.011,26.0605,0.00570246,311.56,-91.7846,27.873,0.616064,157.99,28.0437,0.00877491,330.867,-86.9431,30,0.695254,152.5,24.8859,0.00583447,289.681,-90.9538,26.1119,0.603636,155.743,26.8836,0.00727515,309.732,-89.1848,30,0.666981
261,149.052,24.8081,0.00512232,300.647,-90.1134,29.946,0.648395,160.36,26.8233,0.00792912,318.89,-87.7002,30,0.682715,154.447,25.8323,0.00637493,311.435,-92.0579,28.0607,0.620571,158.706,27.926,0.00902367,329.941,-87.0877,30,0.696659,151.299,25.0308,0.00565749,288.778,-91.0656,26.134,0.597466,156.337,27.0961,0.00694813,311.75,-88.858,29.9874,0.670693
262,150.385,25.0369,0.0053787,299.428,-90.1201,29.9142,0.645378,159.086,27.148,0.00767839,320.642,-87.9312,30,0.679803,155.741,25.9438,0.00642671,310.795,-92.1457,28.0192,0.62033,157.276,28.0365,0.00881479,328.209,-86.7308,30,0.703769,152.352,24.9428,0.00551269,290.703,-90.7238,25.9261,0.60375,156.848,27.0682,0.00743127,309.592,-88.7282,30,0.66542
263,150.814,24.9938,0.00496033,300.266,-90.2104,29.9907,0.653311,159.031,26.9092,0.00700245,319.663,-87.863,30,0.684452,155.217,25.9019,0.00642415,311.101,-91.9553,28.0587,0.624243,158.425,27.9473,0.00921303,328.161,-87.0682,30,0.696668,151.046,24.8534,0.00565462,291.209,-90.7071,25.9539,0.600994,156.874,26.8668,0.00721765,311.02,-89.2466,30,0.673131
264,149.067,24.8364,0.00454913,299.339,-89.9944,30,0.647677,160.823,26.9473,0.00704555,319.201,-87.9813,30,0.677738,154.263,26.1277,0.00649615,309.318,-92.071,28.0354,0.622184,157.784,28.162,0.00906,329.802,-86.912,30,0.702946,151.08,24.9329,0.00547054,289.258,-90.8799,26.0979,0.602313,156.979,26.909,0.00737499,311.066,-89.0827,30,0.666041
265,150.579,25.0129,0.00479229,300.623,-89.915,29.9128,0.645304,159.867,27.0278,0.00787661,321.713,-87.9827,30,0.679393,155.492,25.8819,0.00587106,310.537,-92.2891,28.0667,0.623355,157.798,27.9792,0.00935128,331.103,-87.1271,30,0.701789,152.126,24.8649,0.00530993,291.6,-90.8871,26.1458,0.60267,156.884,26.8865,0.00727148,308.081,-88.8975,29.9908,0.668468
266,150.725,25.1417,0.0045223,300.438,-90.0793,29.9747,0.65332,159.62,27.1772,0.00717963,320.651,-87.8967,30,0.678248,155.67,26.1047,0.0058291,310.136,-92.263,27.9126,0.619858,157.172,28.1373,0.00921801,331.775,-86.8839,30,0.700545,152.2,25.1908,0.00564213,288.123,-90.8657,26.1216,0.602956,156.168,27.0685,0.00749019,308.363,-88.8997,29.935,0.671401
267,150.215,24.8614,0.00470675,300.487,-90.2231,29.9296,0.653352,159.654,26.9952,0.00794114,318.909,-88.0662,30,0.682553,155.803,26.1662,0.00627664,308.913,-92.2851,27.9651,0.616415,158.421,28.0645,0.00854397,331.346,-87.1508,30,0.701679,151.859,24.9765,0.00506563,289.606,-90.8411,26.1246,0.599135,155.847,27.0811,0.00744277,309.068,-89.0359,30,0.671097
268,149.221,25.0511,0.00468675,300.041,-89.9825,30,0.649625,159.559,26.8924,0.00787425,318.684,-88.0445,30,0.682733,154.949,25.9405,0.0058611,311.409,-91.9677,28.0654,0.62397,158.803,27.9314,0.00945245,328.1,-87.0739,30,0.697746,151.546,24.921,0.00561231,289.753,-90.864,26.1185,0.601742,155.409,27.1731,0.00676449,308.6,-89.246,30,0.666138
269,149.278,24.92,0.00478165,300.417,-89.81,30,0.647625,159.491,27.1863,0.00700824,321.519,-88.1802,30,0.678423,154.881,26.0828,0.00608767,309.272,-91.9677,28.0692,0.615423,157.022,27.9832,0.00863184,330.657,-87.1716,30,0.696977,152.097,24.8464,0.00502311,288.205,-90.7274,25.8927,0.602085,155.136,26.8433,0.00700888,309.859,-88.7291,30,0.672796
270,150.204,24.982,0.00485618,301.788,-89.9383,30,0.647319,159.093,27.1781,0.00731374,319.77,-88.2312,30,0.675276,155.668,25.8561,0.00638656,310.919,-92.2012,28.0197,0.618127,157.356,28.1437,0.00890352,329.594,-87.1981,30,0.703716,151.726,25.1806,0.00594631,288.58,-91.1936,26.1088,0.598928,155.009,26.9095,0.00709763,311.197,-89.22,29.8832,0.674221
271,150.502,25.0359,0.00526919,299.715,-89.8449,29.9615,0.647441,160.458,26.9679,0.00798138,319.398,-87.747,30,0.677419,155.596,25.9732,0.00641752,309.8,-91.8534,27.9901,0.617278,157.399,27.9702,0.00925549,330.42,-86.8868,30,0.699814,151.089,25.127,0.00598989,289.628,-91.2934,25.9009,0.601525,156.224,27.1151,0.00675388,311.055,-88.8872,29.9468,0.670455
272,149.295,24.981,0.0053812,299.685,-89.7963,30,0.646919,160.162,27.0024,0.00739864,318.479,-88.05,30,0.675988,154.832,25.9222,0.00642554,309.503,-91.8453,28.0091,0.622041,157.52,28.1768,0.00903009,331.325,-87.081,30,0.701737,151.016,24.9901,0.0051928,290.51,-90.7123,25.9893,0.603175,156.016,26.9983,0.00743042,311.56,-88.8285,29.9389,0.67045
273,149.448,24.9776,0.00498421,301.327,-89.7624,29.9744,0.645177,160.724,26.8697,0.00762188,318.1,-88.0603,30,0.676007,154.847,25.9229,0.00640509,311.477,-92.1574,27.8744,0.621271,157.673,28.0688,0.00853212,328.534,-86.8882,30,0.703576,151.117,24.8862,0.00599856,289.732,-90.8782,25.9048,0.601099,156.452,26.9258,0.0073289,310.414,-89.0665,30,0.670768
274,149.331,24.9611,0.00484343,299.604,-89.8433,29.9948,0.654403,159.587,26.9663,0.00778696,320.184,-87.9718,30,0.678986,154.541,26.1997,0.00580836,311.538,-91.8943,27.9523,0.620435,158.681,28.1533,0.00866039,329.358,-87.0989,30,0.700982,152.71,24.9526,0.00574004,290.511,-91.0746,25.8923,0.602093,156.709,27.0743,0.00651788,308.865,-89.2583,30,0.672565
275,149.221,25.1353,0.00505551,300.76,-89.7172,29.8751,0.654012,159.252,26.9572,0.00785144,321.625,-87.9962,30,0.682081,155.666,25.8486,0.00631007,309.925,-92.0296,27.9772,0.620092,158.89,28.0193,0.00945318,328.721,-86.8655,30,0.701791,152.214,25.0259,0.00586093,291.287,-91.2266,26.1046,0.599141,155.507,27.1479,0.00693202,311.233,-89.142,29.8512,0.669955
276,149.2,25.1018,0.00477608,299.775,-90.2478,29.936,0.652815,159.303,27.0589,0.00791743,320.719,-87.8134,30,0.677507,155.789,26.086,0.00613955,310.655,-92.0515,27.8634,0.622844,158.357,27.9891,0.00939976,329.345,-87.1234,30,0.70297,152.03,24.8523,0.00521507,290.625,-91.069,26.1009,0.6045,156.611,26.951,0.00728869,309.406,-89.1997,29.86,0.668857
277,150.807,24.8956,0.00470651,301.879,-90.285,30,0.648214,159.075,27.1671,0.00713964,320.207,-88.1356,30,0.675499,154.231,25.8285,0.00626056,309.942,-92.0943,27.9755,0.624289,158.822,28.0863,0.00938468,329.279,-87.0713,30,0.701236,151.963,24.9603,0.00598618,291.284,-91.039,26.0682,0.597696,155.2,26.941,0.00690297,308.066,-88.8111,29.9578,0.670804
278,149.148,24.87,0.00538969,300.435,-89.7298,30,0.648719,159.598,27.1433,0.00799861,320.519,-87.8229,30,0.678553,155.149,26.1332,0.00618811,308.085,-92.098,27.8933,0.61733,158.811,27.8148,0.0087198,329.238,-86.9299,30,0.697183,151.328,24.8947,0.00550253,289.085,-90.7314,25.9892,0.595588,156.459,26.9315,0.00715349,309.118,-88.9576,30,0.67428
279,149.522,24.9339,0.00496427,301.709,-89.7592,29.877,0.646319,159.991,26.8426,0.00734558,318.594,-87.9184,30,0.684967,154.75,26.0396,0.00635627,308.47,-91.8863,27.9727,0.617061,157.806,27.8304,0.00919541,329.011,-87.1132,30,0.703647,151.987,25.0289,0.00556943,289.642,-91.1845,26.0735,0.596271,155.208,27.0841,0.00670884,309.227,-89.0149,29.9848,0.672086
280,150.247,25.0578,0.00521405,299.17,-90.1066,29.9814,0.648075,160.97,27.1256,0.00716465,318.022,-88.2743,30,0.676143,155.067,26.1432,0.00623675,308.862,-92.0604,28.0024,0.623102,158.678,28.1639,0.00900925,330.777,-87.2329,30,0.697487,151.863,25.0536,0.00525699,288.209,-91.2939,25.8566,0.595083,155.221,26.8958,0.00672122,311.947,-89.1164,29.8882,0.670456
281,150.716,25.0712,0.00479608,300.246,-89.8711,30,0.651665,160.742,27.148,0.00757894,319.719,-87.9151,30,0.675057,155.984,25.8732,0.00597025,311.488,-92.165,27.993,0.616326,157.79,27.8709,0.00886363,329.494,-86.7041,30,0.696148,152.452,24.8207,0.00503019,288.421,-90.7207,26.1323,0.596939,155.323,26.8962,0.00701555,310.279,-89.167,30,0.668096
282,150.844,25.0627,0.00493635,301.16,-89.8093,29.9371,0.648397,160.872,26.8659,0.00704215,319.816,-87.8193,30,0.684195,155.066,25.84,0.00608869,311.114,-92.244,27.9018,0.615123,158.187,28.1547,0.00917066,331.928,-87.2622,30,0.703141,151.628,25.1894,0.00528794,291.557,-90.7716,26.0773,0.600635,155.24,27.0128,0.0068568,311.169,-88.8451,30,0.665148
283,150.618,25.1754,0.0052893,298.521,-90.2512,29.8563,0.651287,160.259,27.1948,0.00739804,319.328,-87.9253,30,0.684368,155.606,25.9707,0.00613491,311.425,-92.0056,27.915,0.616697,157,28.0873,0.0086111,328.975,-87.1213,30,0.69898,152.349,24.8223,0.00512394,289.997,-91.0978,25.9387,0.59567,156.791,27.0767,0.00662162,308.26,-88.7151,30,0.669175
284,150.403,25.1025,0.00527996,299.912,-90.0421,29.8533,0.654266,160.207,26.8813,0.0079196,321.66,-87.7065,30,0.684978,154.489,26.1369,0.00632303,308.924,-92.2409,28.1438,0.61796,158.742,27.8017,0.00852102,329.863,-87.1568,30,0.700656,151.155,24.8651,0.00538805,288.742,-90.8247,25.9748,0.595934,155.969,26.8363,0.00662894,308.958,-88.7843,30,0.673263
285,149.668,24.909,0.00504916,300.887,-89.704,29.8895,0.645493,160.389,27.1329,0.00784635,320.714,-87.7276,30,0.684138,155.936,26.1389,0.00580976,308.785,-91.9711,27.9859,0.623778,157.2,27.9031,0.0092518,328.38,-87.1075,30,0.701226,151.316,25.1442,0.00544754,291.668,-91.0193,25.9325,0.596418,155.007,27.0129,0.00660716,309.567,-88.9464,29.9327,0.666752
286,150.549,25.1787,0.00460044,298.622,-89.724,29.8613,0.654776,159.009,27.1495,0.00730733,321.754,-88.1098,30,0.6758,154.485,26.1095,0.00602869,311.712,-92.0427,28.1109,0.61949,158.958,28.1839,0.00882914,331.544,-86.7914,30,0.701243,151.145,25.1347,0.00517455,288.283,-91.0599,26.0231,0.603549,156.948,26.9758,0.00656045,310.996,-88.9609,29.9844,0.668093
287,150.005,24.9355,0.00525701,300.176,-89.7739,30,0.647383,160.702,27.0229,0.00720684,320.494,-88.0854,30,0.679533,155.453,25.8382,0.00589602,311.933,-91.8149,27.898,0.617778,157.66,28.0601,0.00925699,330.998,-86.9941,30,0.699371,151.248,25.0258,0.0059523,291.172,-90.9528,26.044,0.604306,155.857,26.9326,0.00747724,311.454,-89.1062,29.9891,0.669151
288,149.298,25.1831,0.00490431,301.501,-90.1864,30,0.64524,160.528,27.0324,0.00762559,318.207,-88.1734,30,0.677889,155.255,26.0265,0.00611215,310.197,-92.1362,27.9234,0.616371,158.698,28.0466,0.00868651,328.709,-86.7762,30,0.701594,151.814,24.9048,0.00597945,291.189,-91.1189,26.1043,0.602589,155.594,26.9706,0.00668595,308.444,-88.8663,29.9303,0.673201
289,150.991,24.8306,0.00497304,301.208,-89.8266,30,0.64849,159.908,27.038,0.00797394,319.31,-87.7461,30,0.684891,155.341,25.9854,0.00611339,309.09,-92.1355,27.8841,0.616141,157.695,28.1051,0.00910797,328.41,-86.7887,30,0.704609,152.34,24.8701,0.00547378,290.594,-91.283,25.8545,0.596294,155.503,26.9718,0.00698744,308.552,-88.896,30,0.667945
290,149.027,24.8311,0.00489169,298.616,-90.0739,30,0.650472,159.462,26.9375,0.00761403,321.443,-87.8481,30,0.678623,154.73,26.1518,0.00553924,311.952,-91.9014,28.0543,0.61538,158.211,27.9939,0.00860578,329.112,-86.7658,30,0.699134,151.145,25.0856,0.00570285,290.456,-90.9938,25.9801,0.600933,155.467,27.1765,0.00708879,309.245,-89.0302,30,0.666616
291,149.586,25.0718,0.00481549,301.17,-90.2217,30,0.645684,159.025,27.1593,0.00758134,319.407,-88.1604,30,0.68009,155.983,26.1933,0.00613502,309.771,-92.0053,28.0547,0.616016,157.657,27.8301,0.00857336,328.783,-87.0088,30,0.699855,151.671,24.8329,0.0055503,289.085,-90.931,26.1432,0.596113,155.424,26.9892,0.00746861,311.087,-88.7611,29.9501,0.67492
292,149.206,24.8212,0.0053556,301.709,-90.2456,29.884,0.645332,159.209,26.8838,0.00797008,320.671,-87.8329,30,0.680351,155.595,26.0383,0.00581455,310.244,-91.9799,28.097,0.624817,157.822,28.1054,0.00859976,331.107,-87.0771,30,0.698632,152.221,24.8477,0.00592403,288.311,-90.742,26.0621,0.598297,155.782,27.0963,0.00710147,310.687,-89.0665,29.9963,0.674899
293,149.428,24.9671,0.00479182,301.06,-89.8416,29.9377,0.645814,159.023,26.971,0.00741034,321.954,-88.0181,30,0.683912,154.982,26.0397,0.00559567,309.532,-91.7335,28.0269,0.618445,158.251,28.1642,0.00877399,330.02,-86.7248,30,0.702197,152.229,25.0719,0.00535122,289.256,-90.8895,25.9147,0.599197,155.376,26.8033,0.00747006,309.727,-88.7184,29.8921,0.670874
294,149.402,25.116,0.0052837,298.45,-89.7528,29.9084,0.65113,160.971,27.153,0.00795656,319.37,-88.2367,30,0.680005,155.586,25.8601,0.00615973,309.294,-92.0953,28.0486,0.61967,158.624,27.8624,0.00928995,328.257,-87.1836,30,0.703549,151.505,24.9309,0.00553712,288.846,-90.8133,26.0821,0.596453,155.928,27.1099,0.00683733,310.532,-89.2699,30,0.666527
295,150.661,24.9422,0.00478155,301.364,-90.2699,29.969,0.6487,159.57,27.1647,0.00775093,318.256,-87.8712,30,0.684009,154.626,26.0297,0.00600076,309.958,-92.0263,27.9117,0.622557,157.903,28.1834,0.00876081,330.731,-86.7356,30,0.703713,152.655,24.944,0.00560012,288.625,-90.9787,25.9191,0.602437,156.056,26.9645,0.0067688,311.995,-89.257,29.8631,0.667173
296,150.942,25.1917,0.00515493,301.52,-90.1716,30,0.646428,159.202,26.8449,0.00757313,321.124,-88.08,30,0.679344,154.301,25.9864,0.00617904,311.329,-92.0247,28.0281,0.617673,158.292,28.1944,0.00854905,331.546,-86.9626,30,0.704549,151.967,24.9327,0.0051815,288.978,-90.8003,26.0343,0.604132,155.464,26.8485,0.00650609,310.031,-88.701,30,0.668084
297,150.754,25.1127,0.00451542,301.267,-90.1197,29.8949,0.647263,159.937,26.9699,0.00728889,318.689,-87.8427,30,0.682778,154.592,25.8979,0.00571767,308.547,-91.9692,28.0316,0.622055,158.36,27.9169,0.00883031,330.726,-87.0903,30,0.698743,151.544,24.8353,0.00583014,291.412,-91.1681,25.8694,0.602388,155.423,26.9574,0.00656414,308.905,-88.8243,30,0.667071
298,149.672,24.8537,0.00457417,301.969,-89.9066,30,0.652655,160.68,27.1227,0.00701654,318.747,-87.9071,30,0.684825,155.331,26.1826,0.00570145,311.456,-92.1072,28.1469,0.616577,158.033,28.1171,0.00893264,329.872,-86.7082,30,0.701041,151.109,25.1369,0.00564817,289.616,-91.2903,26.0275,0.595127,155.002,27.0464,0.00668902,308.768,-88.908,29.8661,0.668134
299,149.299,25.0321,0.00516177,300.885,-90.1469,29.8768,0.645787,159.852,27.1783,0.00721773,319.027,-88.2395,30,0.681799,155.286,26.1445,0.00598643,308.538,-92.1264,28.0487,0.621131,158.062,28.0732,0.00913739,331.525,-86.9484,30,0.697487,152.356,25.1609,0.00538573,291.116,-90.8651,25.8679,0.600815,155.26,27.1869,0.00731141,308.439,-89.2269,30,0.668449
300,149.07,25.0167,0.00488785,298.404,-89.8188,30,0.652566,160.645,26.8866,0.00726357,318.834,-87.841,30,0.682168,155.763,26.0555,0.00588766,309.703,-92.2548,27.8594,0.621955,157.877,28.0209,0.00905766,329.11,-87.0145,30,0.698884,152.641,24.9805,0.00560364,291.582,-90.7803,26.1171,0.5977,155.07,26.9044,0.00677871,311.637,-88.9105,29.8745,0.666354
301,149.311,25.0522,0.00523541,301.439,-89.7356,29.9105,0.648098,159.481,26.9435,0.00791467,320.3,-87.8571,30,0.675289,154.128,26.0152,0.00621879,308.861,-91.8669,28.0932,0.619119,158.493,27.9616,0.00917835,331.056,-86.7048,30,0.69911,151.331,24.8816,0.0056934,291.668,-91.0632,25.904,0.597851,155.91,26.9163,0.00673358,310.944,-89.2953,30,0.672938
302,149.532,25.0413,0.0051689,300.62,-90.0325,29.954,0.653359,160.517,26.9285,0.00710302,318.287,-88.2434,30,0.675517,154.674,26.1013,0.00579435,311.053,-91.8527,27.9237,0.622288,158.496,27.959,0.00871042,330.085,-86.7472,30,0.696729,152.366,24.9709,0.00559153,290.936,-90.991,26.0942,0.602222,156.23,26.8603,0.00733595,311.744,-89.2178,29.9965,0.667589
303,150.509,25.0887,0.00464089,301.508,-90.1914,30,0.64957,159.657,26.8633,0.00716761,320.648,-87.9697,30,0.676127,154.145,26.0975,0.00621188,308.234,-91.9638,27.8754,0.624037,158.814,28.0793,0.00942619,331.246,-86.8029,30,0.698061,151.436,24.9309,0.0056285,288.691,-91.1448,25.9904,0.597331,156.177,27.1693,0.00724809,310.666,-88.9504,29.9964,0.666866
304,150.789,24.8994,0.00459131,301,-90.1946,29.9616,0.645283,159.274,26.8693,0.00705441,320.627,-87.7978,30,0.683746,154.427,25.9302,0.00565074,310.482,-92.0481,28.034,0.622617,158.091,28.0511,0.00943525,329.196,-87.0845,30,0.701113,151.357,24.9505,0.00546784,289.678,-91.193,26.1273,0.602623,155.963,27.072,0.00739728,308.545,-89.1498,30,0.67299
305,149.073,25.1936,0.00495491,299.437,-90.1244,29.9023,0.652916,160.911,26.9655,0.00795242,321.295,-88.0114,30,0.67935,155.117,25.8232,0.00619626,308.211,-91.8097,28.0975,0.617371,157.647,27.9925,0.00909666,329.149,-86.9445,30,0.695555,151.005,24.8405,0.00579225,291.846,-91.0438,26.0038,0.596468,156.102,26.8579,0.00711121,311.733,-89.1826,30,0.665235
306,149.751,24.8443,0.00485248,298.694,-90.076,29.9753,0.648006,160.313,27.1675,0.0074006,318.769,-88.1376,30,0.680716,154.91,25.8599,0.00594973,309.114,-91.7341,28.1152,0.615839,158.033,27.89,0.00891078,331.507,-86.9835,30,0.697079,152.601,25.0498,0.00546807,288.87,-91.0995,26.138,0.600201,155.801,27.0086,0.00727899,309.36,-89.1928,30,0.671652
307,150.425,25.1528,0.00487117,298.301,-89.725,29.9805,0.651233,160.333,27.0186,0.00720526,321.021,-87.8177,30,0.679886,154.228,25.8336,0.00583956,309.243,-91.7278,28.0851,0.621599,158.035,27.8669,0.00947846,329.5,-87.2358,30,0.70374,152.775,24.8044,0.0058863,289.086,-91.2766,26.1043,0.603639,156.192,27.0298,0.00731312,311.145,-88.7659,30,0.674676
308,150.992,24.8466,0.00534954,299.999,-90.0675,30,0.64556,160.013,27.1484,0.00721346,319.706,-87.7363,30,0.678584,154.881,26.0078,0.00613199,311.203,-92.0287,28.0952,0.620337,157.677,28.0632,0.00921772,330.232,-87.266,30,0.697853,151.565,25.0694,0.00501835,291.023,-91.1408,25.943,0.600279,155.432,27.1538,0.00658537,309.778,-88.7903,30,0.667923
309,149.842,25.0827,0.00547326,301.573,-90.0945,30,0.645035,159.055,27.1295,0.00719946,318.243,-88.1577,30,0.682306,155.249,25.895,0.00600327,311.705,-91.811,27.947,0.624823,158.417,27.825,0.00853516,328.674,-86.8633,30,0.700115,151.187,25.1684,0.00534396,291.633,-90.7331,25.8518,0.599641,155.049,27.1635,0.00701841,308.3,-89.2338,29.9651,0.674402
310,150.386,25.147,0.00486646,298.173,-89.7154,29.8552,0.654477,159.737,26.804,0.00768916,321.922,-87.7206,30,0.676812,155.131,26.0549,0.00623942,308.724,-91.7246,28.0416,0.62347,158.08,27.9657,0.00947718,330.328,-86.7799,30,0.701754,152.098,24.8014,0.00504002,288.803,-91.1884,25.9264,0.598049,155.72,26.9682,0.00659887,308.169,-88.8956,30,0.669441
311,150.269,25.1311,0.00492769,300.564,-89.7279,30,0.64926,160.289,26.8708,0.00756052,321.925,-87.989,30,0.679073,155.998,26.0317,0.00554227,310.347,-92.1353,27.8597,0.623209,157.551,28.1186,0.00878822,328.777,-86.7156,30,0.701014,152.22,25.0242,0.0059147,290.698,-91.0578,26.1087,0.596811,156.088,27.1802,0.0071254,311.268,-88.9079,30,0.674445
312,149.546,24.8679,0.00498399,300.807,-90.1637,29.8512,0.648429,160.938,27.078,0.00740133,318.77,-88.0863,30,0.676063,155.813,26.1991,0.00566411,308.218,-92.1022,27.9885,0.617048,157.603,27.8803,0.00927426,330.85,-86.919,30,0.70409,152.939,24.8695,0.00522301,290.103,-91.2452,25.9809,0.600818,156.044,26.9324,0.00704245,311.835,-89.1764,30,0.665434
313,149.133,25.0207,0.00460494,298.089,-90.1971,30,0.652033,159.405,27.0673,0.00718248,320.454,-88.0528,30,0.684951,155.876,25.8017,0.00638544,308.266,-91.7282,27.9345,0.61882,157.183,27.8449,0.00922674,331.777,-86.9336,30,0.70262,151.526,24.8181,0.00500187,289.403,-91.1551,25.8687,0.596795,155.249,27.166,0.00664027,310.151,-88.9441,30,0.665991
314,149.638,24.8205,0.00489567,298.754,-89.963,30,0.650321,159.868,26.9549,0.00784169,318.877,-87.8595,30,0.679192,154.595,25.9882,0.00559321,308.184,-92.233,27.9061,0.620042,158.698,27.8943,0.00943516,331.82,-86.7247,30,0.698638,151.145,25.0275,0.00555868,291.4,-90.7024,26.0024,0.598452,155.372,26.8019,0.00700911,310.222,-88.805,30,0.674165
315,150.256,25.1361,0.0046483,301.421,-89.8949,29.9011,0.646898,160.853,26.8129,0.00746253,319.254,-87.901,30,0.678604,154.854,26.1928,0.00628392,311.589,-92.0367,27.9202,0.619119,158.432,27.8438,0.00877047,328.187,-87.0406,30,0.695247,152.351,25.173,0.00523693,290.775,-90.7149,26.1387,0.597349,155.201,26.8593,0.00720204,310.903,-88.8955,29.9508,0.666698
316,150.162,24.9935,0.00522883,299.765,-90.0968,29.938,0.647115,159.531,26.8379,0.00734686,318.146,-88.1882,30,0.678255,155.336,26.0868,0.00608119,311.835,-92.2871,28.0716,0.624588,158.725,27.8672,0.00882682,328.69,-86.9392,30,0.698171,152.079,25.0764,0.00542134,291.416,-90.8371,25.8694,0.601211,155.471,27.023,0.00745689,311.516,-89.0573,29.9375,0.667344
317,150.065,24.8457,0.00504928,298.005,-90.1057,29.916,0.654712,160.454,26.9399,0.00709285,320.067,-88.1719,30,0.683354,155.232,26.0535,0.00604103,311.709,-91.7409,28.0038,0.618058,157.919,27.8746,0.00913634,330,-87.238,30,0.699796,152.775,25.0266,0.00568154,289.356,-90.9572,25.9842,0.601591,155.101,26.9973,0.00679599,309.305,-88.7234,29.9048,0.668112
318,150.02,25.1452,0.00491667,300.975,-89.7862,29.943,0.648928,159.713,27.1331,0.00704435,319.234,-87.8924,30,0.679363,155.08,25.879,0.00593072,310.007,-91.7593,27.9283,0.623678,158.288,27.8081,0.00922463,328.142,-86.7016,30,0.697973,151.515,24.9526,0.00535617,289.489,-91.109,26.0363,0.596643,156.692,27.125,0.00697648,311.411,-89.1517,29.8553,0.671192
319,149.916,25.0269,0.00539934,301.88,-89.9193,30,0.645838,159.321,27.0933,0.00743137,319.784,-88.1148,30,0.676852,155.254,25.8695,0.00556383,309.321,-92.1613,28.1167,0.61555,157.353,28.0195,0.00898107,328.183,-87.2956,30,0.701588,151.731,24.9882,0.00526655,289.379,-90.9106,26.1148,0.596841,156.681,26.8486,0.00671499,308.149,-89.2155,30,0.669594
320,149.155,25.1839,0.00537899,301.019,-89.7399,29.916,0.653364,160.38,27.1479,0.00779691,319.386,-87.8354,30,0.678286,154.216,26.174,0.005791,310.082,-92.0652,28.138,0.61835,158.557,28.1422,0.00893561,329.513,-86.8514,30,0.702549,151.454,25.1553,0.00538758,290.305,-90.8011,25.9065,0.602845,156.192,27.1573,0.00667197,309.683,-88.8003,29.8558,0.666122
321,150.981,24.9122,0.00547554,298.73,-90.0833,30,0.651578,160.162,27.012,0.00784344,318.94,-88.0345,30,0.680959,154.501,25.9335,0.00597125,308.107,-92.2448,28.0558,0.61929,158.73,28.0779,0.0085081,330.467,-87.2438,30,0.704915,152.062,25.0731,0.00523731,289.75,-90.7863,25.9002,0.597655,155.891,27.0849,0.00687588,311.711,-89.2433,29.9612,0.67209
322,149.452,25.0626,0.00466422,298.224,-90.2274,30,0.650518,160.593,26.9331,0.00759266,319.98,-87.7326,30,0.682305,154.093,26.0199,0.00596699,311.711,-92.1456,27.931,0.619113,157.487,27.8517,0.00935741,330.233,-86.7832,30,0.69782,152.095,24.8333,0.00591525,289.617,-91.0638,25.9408,0.599607,155.504,26.9499,0.00729995,311.337,-89.1175,29.9907,0.673738
323,149.105,25.1557,0.00471918,300.714,-89.9505,30,0.653594,159.203,26.9388,0.00753825,321.245,-88.1701,30,0.678996,154.378,26.1036,0.0055909,310.059,-92.2617,27.9569,0.621011,158.112,27.9619,0.00892905,328.907,-87.0265,30,0.703505,151.29,24.8119,0.00593352,290.107,-90.9773,26.0842,0.598147,155.964,27.1875,0.00717215,308.615,-89.2201,29.9113,0.672667
324,149.591,24.8086,0.00544417,298.679,-90.2943,29.9211,0.64735,159.844,27.1682,0.00787918,319.828,-88.0535,30,0.677435,154.104,26.1757,0.0056867,308.794,-92.0165,27.9975,0.615184,157.296,27.9513,0.00918373,328.914,-87.0462,30,0.703886,151.652,24.8534,0.00548927,290.987,-91.2341,25.9774,0.595178,155.067,26.9932,0.0067982,311.38,-88.9387,29.9862,0.669079
325,149.994,24.8162,0.00539279,301.993,-90.1911,29.8861,0.646436,160.322,27.0646,0.00784792,321.007,-88.0302,30,0.681883,155.025,25.9903,0.0061451,310.23,-91.9136,28.0339,0.622192,158.286,28.0079,0.0091818,329.798,-87.155,30,0.7006,152.181,25.1888,0.00536148,289.577,-91.1789,25.8712,0.602728,155.499,27.0436,0.00718777,309.885,-88.7742,29.9831,0.667849
326,150.792,25.1446,0.00466404,298.104,-90.246,29.936,0.654723,160.117,26.9493,0.00788872,319.813,-88.1109,30,0.683495,155.687,26.0049,0.00628944,308.717,-91.9561,28.1452,0.61791,158.589,27.9962,0.00853981,331.052,-87.1989,30,0.695857,152.894,24.9167,0.00522646,288.517,-90.7324,26.0636,0.602417,155.999,26.9899,0.00661002,310.239,-89.1519,30,0.672966
327,149.826,24.8605,0.00528533,298.488,-90.1864,29.9135,0.650569,160.574,26.9257,0.00708467,319.858,-87.8511,30,0.677199,155.894,26.1817,0.00649047,311.231,-92.1871,27.9136,0.618402,157.636,28.1826,0.00928907,330.896,-87.1884,30,0.703279,151.327,25.1485,0.00527225,288.323,-90.9059,26.0461,0.595949,155.638,27.1971,0.00717843,310.92,-89.1722,29.8736,0.667769
328,149.498,24.8938,0.00469275,300.299,-90.1031,30,0.646839,159.929,26.8055,0.00748168,318.223,-87.7134,30,0.679901,154.173,26.037,0.00625876,308.763,-91.9591,28.0943,0.622682,158.606,28.1517,0.00943768,329.622,-86.9587,30,0.701971,152.991,24.8055,0.00535513,289.124,-91.1426,25.9168,0.602091,155.17,27.0966,0.00719343,309.003,-89.1483,30,0.672622
329,150.753,25.1409,0.00546488,300.326,-89.7548,30,0.653947,159.023,27.1864,0.00747353,321.193,-88.2237,30,0.677715,154.583,25.8493,0.00630576,308.037,-92.1125,27.9023,0.62089,157.509,27.9036,0.00898834,330.611,-87.2272,30,0.697472,152.947,24.9589,0.00559899,288.966,-91.0057,25.8722,0.595347,155.937,26.9595,0.00663688,310.75,-88.7043,29.9687,0.671246
330,150.926,25.1326,0.00496355,300.95,-90.2231,30,0.647791,159.322,26.9705,0.00713101,320.796,-88.0263,30,0.676464,154.28,26.0334,0.00648501,308.385,-92.1286,28.1108,0.615723,158.752,28.0097,0.00890827,329.239,-87.1217,30,0.703848,152.448,25.0679,0.00579875,289.028,-90.9292,25.988,0.602824,155.619,27.0573,0.00738221,309.609,-89.26,30,0.66846
331,150.344,25.1804,0.00498561,299.865,-89.9072,29.881,0.647535,160.838,27.068,0.00701344,318.819,-87.8903,30,0.683399,154.584,26.1724,0.00605295,310.786,-91.942,27.8868,0.624631,157.246,27.902,0.00931363,330.474,-86.7971,30,0.69877,152.844,24.8145,0.00585613,288.923,-90.7908,25.8918,0.600802,156.776,26.9894,0.00724657,311.219,-88.8581,30,0.669468
332,149.346,24.8191,0.00474646,298.573,-89.9652,29.9055,0.645389,159.072,27.1326,0.00759145,319.432,-87.7635,30,0.684803,155.233,25.8734,0.00617907,311.054,-92.0424,28.1085,0.616507,157.558,27.8374,0.00871088,328.955,-86.7494,30,0.699274,152.065,25.1595,0.0059977,291.014,-90.7175,26.0861,0.604632,156.415,26.8319,0.00690192,310.586,-89.0896,29.932,0.670774
333,150.867,24.814,0.00526923,300.891,-89.7216,30,0.652622,160.041,26.8817,0.00754524,321.061,-87.7626,30,0.676953,155.199,25.9329,0.00550921,308.801,-92.2321,28.1028,0.617585,157.569,28.184,0.00887909,328.038,-87.1297,30,0.696028,151.155,25.0373,0.00518935,289.445,-90.7828,25.9773,0.604157,155.996,26.9595,0.00725039,308.293,-89.2463,30,0.669869
334,150.581,25.1665,0.00488837,300.386,-89.9996,30,0.653311,160.823,26.9017,0.00777253,319.062,-88.1748,30,0.675193,155.931,25.8597,0.00631944,309.104,-92.0896,27.915,0.620855,157.696,28.063,0.00851565,328.257,-87.2402,30,0.703148,152.776,24.8979,0.00557437,291.073,-91.1267,25.9727,0.60024,155.27,26.8104,0.00665281,310.507,-89.2558,29.9069,0.668379
335,149.156,24.8767,0.00541127,298.077,-89.9079,29.9653,0.651726,160.177,26.8894,0.00784721,319.968,-87.8065,30,0.684847,155.541,26.1864,0.00601433,309.895,-91.8467,28.1141,0.624641,157.649,28.1195,0.00871065,330.182,-87.1921,30,0.704314,151.292,25.053,0.00559295,288.483,-91.1044,26.0189,0.596872,156.601,27.1889,0.00671476,308.748,-89.027,30,0.667816
336,149.04,25.0165,0.0054566,299.565,-90.0479,30,0.651946,160.438,27.0251,0.00797461,320.755,-87.763,30,0.682351,154.581,25.9214,0.00628298,309.187,-91.9623,27.9248,0.62317,157.221,28.1318,0.00910273,328.748,-86.9748,30,0.698235,151.703,24.8253,0.00598596,288.126,-90.9025,25.9614,0.60146,155.712,27.0695,0.00722924,310.762,-89.2316,30,0.6678
337,149.058,24.9659,0.00493354,299.869,-89.8771,29.9427,0.648153,159.121,27.0747,0.00756783,319.398,-87.8769,30,0.679692,155.023,26.0545,0.00616,309.156,-92.2156,27.897,0.621394,158.746,27.9638,0.00866952,331.026,-86.8005,30,0.701068,152.721,24.8062,0.00510724,288.37,-90.8724,25.8709,0.599964,155.945,26.9243,0.00737041,308.682,-89.0885,30,0.665304
338,150.346,25.1266,0.00543227,301.505,-90.1084,30,0.645773,159.516,26.8377,0.00731519,321.501,-88.0917,30,0.679334,154.918,26.1878,0.00579615,310.509,-92.048,27.8683,0.619893,158.627,27.8395,0.00856959,328.615,-86.8414,30,0.70065,151.936,25.1553,0.0057667,291.248,-90.812,26.0428,0.59958,156.729,27.1704,0.00652381,308.206,-88.7248,29.9331,0.673734
339,149.778,24.8476,0.00458044,298.626,-90.1501,29.9966,0.652015,160.973,26.9766,0.00751818,320.087,-87.9763,30,0.675088,154.003,25.8391,0.00560156,310.82,-92.1771,28.1184,0.624286,158.952,28.1756,0.00877189,330.039,-87.1947,30,0.703884,152.703,24.9733,0.00575867,288.39,-91.2759,26.076,0.599254,156.991,26.8389,0.00735563,309.92,-88.8037,30,0.67416
340,149.596,25.1799,0.00465167,298.328,-90.041,30,0.649734,160.659,27.0919,0.00720943,321.796,-88.2635,30,0.678044,155,25.9689,0.00567183,309.433,-92.1842,27.9112,0.616871,157.978,28.1192,0.00906897,331.573,-86.9181,30,0.701676,151.899,25.0757,0.00506971,291.439,-90.8333,25.9236,0.60268,155.025,26.8869,0.00656514,311.121,-88.8465,30,0.665045
341,150.002,25.0819,0.0046554,300.599,-90.2495,29.9044,0.649758,160.307,26.8583,0.00718522,318.818,-88.1568,30,0.678951,155.308,25.9752,0.00627597,310.877,-92.2241,27.8647,0.623779,157.16,27.8593,0.00852213,330.513,-86.9506,30,0.703869,151.822,24.9486,0.00529685,288.61,-91.2171,25.8897,0.596141,155.481,26.9227,0.00746158,310.314,-88.7074,29.9617,0.669576
342,149.649,24.8732,0.00464316,301.78,-89.7079,29.8635,0.646503,159.847,26.8745,0.00736388,318.516,-88.0261,30,0.678519,154.189,25.9713,0.00648326,309.315,-91.7741,28.103,0.624521,158.58,28.0638,0.00935658,328.303,-87.0223,30,0.702696,152.924,25.1119,0.00587488,290.826,-90.8437,26.007,0.604242,156.65,27.1376,0.00717301,309.218,-89.2786,30,0.670861
343,149.596,24.8597,0.00532952,301.346,-89.8113,30,0.64866,159.608,26.8034,0.00783361,318.35,-87.9215,30,0.680267,155.853,25.8126,0.00627339,308.208,-92.2771,27.9789,0.615631,158.578,28.0118,0.00852904,328.162,-86.9324,30,0.699378,152.109,25.1199,0.00561051,288.899,-90.9322,26.0385,0.602341,156.242,27.1877,0.00669729,311.804,-88.977,30,0.665995
344,149.761,25.1078,0.00520691,298.161,-89.972,29.8765,0.654959,160.795,26.8084,0.00785865,321.678,-88.0879,30,0.679421,155.31,25.9361,0.00582256,309.698,-92.2127,28.0993,0.618487,157.8,28.1576,0.00899662,330.177,-86.7261,30,0.696695,151.946,25.1885,0.00537237,289.486,-91.183,25.8843,0.602403,156.54,27.1876,0.00727342,308.973,-89.2759,30,0.668405
345,149.624,25.1624,0.0050851,298.859,-89.7665,30,0.645867,160.725,26.9562,0.00752407,321.659,-87.716,30,0.677129,154.161,26.0247,0.0055136,309.648,-92.256,27.9716,0.615399,158.67,27.8839,0.00882831,331.48,-86.8522,30,0.695719,152.431,24.9563,0.00576608,289.781,-91.0924,25.9854,0.602486,156.804,26.8199,0.00702411,308.131,-89.019,30,0.668616
346,150.865,25.0522,0.00543416,301.029,-90.2379,29.9193,0.648942,159.34,26.998,0.00747137,321.825,-88.0398,30,0.684419,155.754,25.8835,0.00599603,309.391,-92.0601,27.9582,0.623264,157.904,28.0095,0.00948245,328.24,-87.0072,30,0.696512,152.223,24.8958,0.0058674,289.308,-91.1026,26.0295,0.596836,155.57,26.9667,0.00685364,310.1,-88.9402,30,0.671542
347,149.615,24.8506,0.00526081,301.403,-90.1458,29.9721,0.649986,160.067,27.0638,0.0070416,320.886,-88.2628,30,0.683277,154.902,25.8596,0.00648503,311.557,-91.8372,27.9735,0.616838,158.883,28.0129,0.00935236,329.368,-87.0988,30,0.700218,151.281,24.8879,0.00548194,288.17,-91.0225,25.9757,0.602793,155.71,27.193,0.00668077,310.364,-89.2462,30,0.674948
348,150.638,25.0223,0.00498474,301.34,-89.7384,30,0.648965,160.982,26.8624,0.00725355,318.356,-88.137,30,0.683529,155.558,26.0524,0.00601397,310.835,-92.0655,28.1024,0.621772,158.396,28.0144,0.00938523,329.008,-87.0713,30,0.699927,152.778,24.9386,0.00536933,291.555,-91.0214,26.0048,0.598328,155.553,27.0624,0.00661984,311.517,-88.8325,29.9072,0.67194
349,150.205,24.8738,0.0047732,299.636,-89.8805,30,0.650322,160.537,27.1032,0.00761786,321.148,-88.0994,30,0.681149,155.645,26.0185,0.00571844,310.17,-92.0773,28.0592,0.619758,158.672,28.0712,0.00918454,328.869,-86.7095,30,0.70289,151.66,25.0143,0.0051371,290.154,-91.2125,26.0159,0.601487,155.78,26.9994,0.00737565,308.434,-88.825,29.9012,0.665367
350,149.371,25.106,0.00490513,301.49,-89.9852,29.8567,0.652167,159.22,27.1158,0.0071681,319.382,-87.8432,30,0.678714,155.659,25.8763,0.00630718,310.63,-92.1844,27.9408,0.616318,157.766,27.8815,0.009144,331.978,-87.2928,30,0.700737,152.828,25.0024,0.0055437,289.887,-91.1387,25.8668,0.599087,155.105,27.0202,0.00680729,310.134,-89.2194,30,0.673945
351,149.38,24.9374,0.00511349,298.383,-90.0873,29.9253,0.654155,160.705,27.0319,0.00752035,321.723,-87.7405,30,0.676254,154.321,26.0707,0.00604143,308.074,-92.2628,28.1164,0.623689,157.715,28.1564,0.00909368,331.224,-87.0435,30,0.699337,151.915,25.0204,0.00510558,291.966,-91.1535,25.9096,0.600268,156.074,26.9759,0.00727189,310.067,-88.9342,30,0.66525
352,150.141,25.1537,0.00451739,299.621,-89.7443,29.9559,0.649587,160.963,26.8797,0.00706526,321.438,-87.7789,30,0.680142,155.672,26.0954,0.00576515,308.068,-92.0122,28.1077,0.623958,158.912,28.1518,0.00908004,329.778,-86.8351,30,0.700381,151.175,25.1704,0.0054556,289.453,-90.9223,26.0522,0.597107,156.674,26.916,0.00668668,309.626,-88.8617,30,0.673093
353,150.881,24.8562,0.00457118,300.231,-90.1258,30,0.65172,160.941,26.9019,0.00748578,320.005,-88.1565,30,0.679433,154.893,25.9451,0.00551693,310.088,-92.0989,27.8504,0.618079,157.557,27.9574,0.00863185,330.031,-86.8845,30,0.703038,151.904,25.0076,0.0058104,289.711,-90.879,25.9804,0.599177,156.52,26.8699,0.00683859,308.897,-89.0845,29.9191,0.670794
354,150.596,25.1146,0.0048645,301.955,-89.9437,29.9698,0.653355,160.46,27.0997,0.00719614,319.873,-87.7829,30,0.681835,155.176,26.1369,0.00578456,310.302,-92.2261,28.0571,0.62232,157.086,28.0703,0.00891469,328.496,-87.0481,30,0.699156,151.769,25.0954,0.00577422,290.428,-91.2864,26.1293,0.601862,155.068,27.1275,0.00670027,310.317,-89.02,29.976,0.673897
355,149.875,24.8301,0.00544664,301.682,-89.8893,29.9904,0.645929,160.581,26.8302,0.0070686,320.15,-88.2039,30,0.679231,154.274,25.8642,0.00557691,308.82,-91.8707,28.0927,0.619525,158.013,27.8131,0.00856932,329.03,-86.9737,30,0.70105,151.784,24.8473,0.00578077,289.455,-90.8584,26.0039,0.602387,156.815,27.1684,0.00703511,310.046,-89.1406,30,0.669579
356,149.255,24.9731,0.00462705,300.01,-89.9632,29.9513,0.645717,160.887,27.1093,0.00783888,319.467,-87.8435,30,0.677011,154.249,25.938,0.00563755,311.993,-92.2705,27.9823,0.619521,157.601,28.0285,0.00864998,331.136,-87.1005,30,0.702156,152.778,25.1343,0.00560831,289.554,-90.9981,26.0806,0.603775,155.208,26.9539,0.00727612,309.727,-89.1007,29.9734,0.671028
357,151,24.9972,0.00470849,298.651,-90.2746,30,0.650446,159.41,27.0781,0.00774111,319.036,-88.0935,30,0.678743,155.522,25.9811,0.00629334,311.076,-91.8993,28.1064,0.624392,158.16,27.895,0.00889863,331.033,-86.9095,30,0.695512,152.366,24.9004,0.00549967,290.987,-90.9624,25.875,0.596856,155.439,26.9031,0.0070654,310.016,-89.1781,29.8703,0.666714
358,150.969,24.9874,0.00536735,301.395,-89.9931,30,0.646928,160.377,26.909,0.00783206,318.335,-87.8361,30,0.683812,154.608,26.0618,0.0059875,309.465,-91.9127,28.1343,0.615413,158.838,28.0436,0.00930731,329.535,-87.0169,30,0.699148,152.069,24.8081,0.0051586,290.567,-90.8698,26.0248,0.596433,155.891,26.942,0.00699566,311.481,-88.8345,29.8752,0.673903
359,149.944,25.0975,0.00464004,300.683,-90.1582,29.9815,0.645169,159.303,26.8368,0.00723974,318.4,-87.8849,30,0.681177,154.281,26.1781,0.00643309,308.902,-91.9313,27.8584,0.624318,158.046,27.8173,0.0088425,328.307,-87.0642,30,0.699699,151.767,24.8477,0.00524494,288.401,-90.8155,25.8906,0.600954,155.685,26.8904,0.00713947,309.828,-89.0599,30,0.669913
360,149.607,25.0236,0.0051695,298.107,-90.0205,29.8673,0.646864,160.121,27.1465,0.00788281,318.28,-88.0485,30,0.676471,155.531,26.0977,0.00640334,308.034,-92.17,28.0982,0.621706,158.789,27.8229,0.00909696,330.276,-87.2786,30,0.701095,151.383,24.9093,0.00564035,289.873,-90.7852,25.9527,0.597667,156.97,27.1645,0.00652899,311.083,-89.2338,29.8582,0.667737
361,149.539,25.1277,0.00521067,301.926,-89.8731,29.9755,0.651989,160.999,27.0841,0.00776168,321.753,-88.2318,30,0.683508,155.909,25.8844,0.00600393,310.722,-92.1515,28.0301,0.617576,157.667,27.9766,0.00902919,329.797,-87.0041,30,0.69659,151.095,24.8784,0.00558194,291.144,-91.1985,25.8826,0.602493,155.61,27.1806,0.00721432,309.307,-89.1263,30,0.665791
362,149.235,24.8703,0.00527472,300.055,-90.2937,30,0.649237,160.022,26.8856,0.00755178,321.917,-88.2559,30,0.67743,154.497,25.9515,0.00631811,311.651,-92.1787,28.0129,0.621369,158.044,27.9736,0.00869198,329.953,-87.0593,30,0.702636,151.268,24.8354,0.00590815,290.142,-90.7853,25.8674,0.600265,156.079,27.1443,0.00659761,308.962,-89.0561,30,0.674389
363,150.985,25.1837,0.00450594,298.191,-90.2114,29.9547,0.653299,160.785,26.8747,0.00761966,321.669,-88.0218,30,0.679578,154.752,26.0311,0.00593866,308.069,-91.7036,28.0131,0.619736,158.909,27.8623,0.00868924,331.232,-87.1435,30,0.697715,151.066,25.0068,0.00519669,291.031,-90.9153,26.1271,0.60283,155.362,27.1201,0.00714174,310.676,-88.8006,30,0.66966
364,150.273,24.9192,0.0046826,300.466,-90.1597,29.874,0.645006,160.217,26.9449,0.00775231,319.501,-88.0084,30,0.681506,154.712,26.1855,0.00643615,311.392,-91.7478,27.9847,0.620364,158.484,28.0785,0.00939068,330.865,-86.7013,30,0.70333,152.395,25.0766,0.00532584,291.142,-90.7598,25.9156,0.601255,155.784,27.1958,0.00697883,308.913,-89.0709,30,0.665761
365,150.207,25.1725,0.00535036,298.271,-89.704,30,0.646623,159.025,26.8685,0.00783818,318.087,-88.1601,30,0.680861,155.565,26.0985,0.0055506,311.57,-92.1638,28.016,0.621443,157.337,28.1905,0.00898816,328.231,-86.7376,30,0.701992,152.05,25.1339,0.00503313,289.074,-91.0182,25.873,0.602059,155.787,26.9091,0.00650338,310.879,-88.7997,29.9685,0.670642
366,149.455,25.0489,0.00451214,299.955,-89.9135,30,0.648813,160.53,27.0391,0.00792701,319.594,-88.1085,30,0.675492,154.273,25.833,0.00634311,308.042,-91.783,27.9854,0.61504,157.803,27.8747,0.0091244,330.717,-87.0075,30,0.701561,152.684,25.0881,0.00582996,288.802,-90.7667,25.9467,0.595134,156.687,27.1767,0.00715556,308.926,-89.149,29.99,0.673978
367,149.299,25.1304,0.0047913,301.234,-89.7478,29.9782,0.648651,160.604,27.0118,0.00768445,320.491,-88.2083,30,0.676958,155.865,25.9002,0.00623388,309.139,-92.1093,27.943,0.622479,158.114,28.1532,0.00880737,330.768,-86.8482,30,0.699006,151.966,24.9423,0.00532211,290.746,-91.1705,26.0628,0.60435,156.13,27.0446,0.00656893,311.458,-89.1287,30,0.674791
368,150.191,25.0899,0.00494532,298.241,-89.8214,29.8605,0.652007,159.046,27.1449,0.00715764,320.057,-87.9417,30,0.678408,154.936,25.9246,0.00593812,309.436,-91.9603,27.9214,0.624887,158.002,27.8777,0.00897707,331.466,-87.2869,30,0.70048,151.339,25.127,0.00536888,289.175,-90.8031,26.0416,0.603983,156.26,27.0963,0.00733645,308.219,-88.8344,30,0.665695
369,150.017,24.833,0.00523595,300.186,-89.7279,29.9049,0.65106,159.423,27.0456,0.00772265,320.889,-87.811,30,0.675773,154.687,26.0748,0.00599859,308.763,-91.9684,27.9722,0.6189,158.62,27.963,0.00852645,328.232,-86.7863,30,0.701884,151.729,25.1754,0.0056628,291.377,-90.8405,25.9637,0.599787,155.372,26.9168,0.00727813,311.576,-88.8653,29.9896,0.665865
370,149.114,24.9497,0.00496382,300.436,-90.2961,30,0.648639,160.696,27.014,0.00713044,321.19,-87.8741,30,0.680146,154.175,26.0623,0.00641125,308.373,-92.1419,28.1207,0.617843,158.308,28.0139,0.00909633,329.663,-87.12,30,0.702443,152.492,25.0683,0.00564363,288.975,-91.2866,26.0926,0.599911,155.614,26.8408,0.00656272,309.395,-88.8172,30,0.673968
371,150.84,25.1631,0.00502722,298.878,-89.8212,29.9141,0.647672,159.467,27.006,0.00732183,318.617,-88.0281,30,0.680706,155.757,25.8783,0.00566697,310.302,-92.022,28.0481,0.622946,158.503,28.1769,0.00889826,328.826,-86.9695,30,0.697889,151.416,24.9586,0.00511122,288.127,-90.9059,26.0331,0.602084,156.321,26.8457,0.00679108,308.518,-88.7942,30,0.667015
372,149.683,25.1866,0.00509416,301.205,-90.1412,29.913,0.652839,160.372,27.0724,0.00755263,320.254,-87.8586,30,0.678528,155.743,25.9235,0.00604631,310.811,-91.7,27.9806,0.619281,158.685,28.1222,0.00923108,329.853,-87.1056,30,0.703762,152.768,24.8434,0.00542835,289.859,-90.7134,26.0534,0.599072,155.052,27.0262,0.00659608,311.338,-88.8485,29.9882,0.669292
373,150.795,24.9154,0.00474902,301.757,-89.8145,30,0.646952,159.287,26.8104,0.00723704,321.097,-88.156,30,0.677519,154.791,26.1933,0.00574481,309.505,-92.1193,27.8829,0.619899,157.757,28.078,0.00931759,330.177,-87.2807,30,0.695554,152.233,25.074,0.00519777,291.277,-90.7533,26.0939,0.598051,156.173,27.1659,0.00682066,311.28,-89.2943,29.8511,0.672597
374,150.523,25.1156,0.00543003,298.472,-90.1608,30,0.646772,160.364,27.0122,0.00708319,319.141,-87.9878,30,0.682075,155.244,25.9984,0.00579868,308.477,-92.0546,27.8586,0.617111,157.865,27.9674,0.0085443,330.356,-86.9702,30,0.704432,151.199,25.1419,0.00500031,291.529,-91.2882,26.0773,0.598617,156.476,26.9607,0.00657091,311.07,-89.2572,30,0.66551
375,149.959,25.0892,0.00489325,298.869,-89.8445,30,0.654227,159.752,27.0025,0.00736313,319.028,-87.8494,30,0.679281,154.807,26.0851,0.0064178,310.667,-92.0171,28.0838,0.62141,157.121,27.8383,0.00853792,329.827,-86.8045,30,0.698842,152.819,25.1348,0.00566505,289.067,-91.2298,25.8548,0.59607,155.585,27.0207,0.006564,308.545,-89.1914,30,0.671158
376,150.102,24.9002,0.00487112,298.387,-90.1641,30,0.654797,160.295,27.1667,0.00764274,318.133,-87.7019,30,0.681826,154.506,25.9568,0.00614593,309.746,-92.1497,27.9503,0.618415,158.919,28.1194,0.00895855,328.799,-86.8134,30,0.697105,151.732,25.1521,0.00513179,288.489,-91.0036,25.9329,0.600687,155.903,26.974,0.00661197,308.564,-88.8074,30,0.667347
377,149.227,24.8214,0.0051083,300.861,-90.0763,30,0.65213,160.871,26.8259,0.00719229,318.274,-87.7792,30,0.680746,154.167,25.9093,0.00579772,310.243,-92.1452,27.8719,0.622308,157.598,27.9809,0.00862767,331.21,-86.9607,30,0.699955,152.883,25.1567,0.00557646,291.736,-91.1061,25.9597,0.595455,156.178,27.0888,0.00727352,308.599,-89.0335,29.9031,0.671621
378,149.316,25.1617,0.00473063,299.166,-89.7895,29.9875,0.64524,159.989,26.8338,0.00798534,320.352,-88.1461,30,0.675769,155.6,26.1701,0.00637444,309.367,-92.1045,27.8605,0.621514,158.07,27.9837,0.00940763,328.672,-87.2942,30,0.697234,151.067,25.0011,0.00531409,288.722,-90.8499,25.9113,0.601876,155.699,27.0047,0.00743387,308.149,-88.9998,30,0.67088
379,149.554,24.9591,0.00518027,301.563,-90.2754,29.8715,0.648251,159.466,26.906,0.00722127,318.783,-88.2216,30,0.676442,154.409,25.8985,0.00643301,311.023,-91.8262,27.8814,0.623363,157.816,27.9051,0.00907575,331.289,-86.8328,30,0.704281,151.476,24.9695,0.00501463,291.517,-91.2073,26.1084,0.598294,155.736,26.8157,0.00682688,311.553,-89.2847,29.9719,0.665314
380,149.742,24.8691,0.00475222,301.51,-90.0384,29.9321,0.650893,159.284,26.9038,0.00754625,318.95,-87.8925,30,0.68272,155.896,25.8463,0.00583467,309.278,-92.2093,28.0931,0.622599,157.969,28.0151,0.00855954,330.222,-86.8252,30,0.697653,152.335,24.9446,0.00554487,289.95,-91.0713,26.0657,0.603839,155.01,27.1734,0.00701152,310.803,-88.7866,29.9901,0.67335
381,149.355,24.8637,0.00515747,301.481,-89.7645,30,0.650255,159.663,27.192,0.0073197,320.977,-87.9808,30,0.678935,155.93,26.0287,0.00643779,308.03,-91.9564,28.0652,0.622451,158.81,27.8018,0.00850033,329.889,-87.2824,30,0.697221,151.945,24.8245,0.00552205,289.52,-91.2732,25.9505,0.598914,156.98,26.8832,0.00704478,311.949,-88.8248,30,0.674683
382,149.979,25.0786,0.00461044,299.765,-89.8146,30,0.652027,160.492,26.9014,0.0078757,319.839,-88.1739,30,0.679178,155.501,26.0192,0.00588187,311.24,-91.9493,27.9672,0.616096,158.791,27.8142,0.00936319,329.44,-86.9164,30,0.696517,152.134,25.1058,0.00575758,290.103,-90.9252,26.0773,0.60341,156.524,26.9416,0.00749673,309.738,-89.2853,29.9588,0.666278
383,149.243,24.9126,0.00455338,300.754,-90.2556,29.911,0.645929,159.126,26.9071,0.0075719,321.859,-87.7747,30,0.676761,154.53,25.8306,0.00627847,308.279,-91.966,27.9244,0.617434,158.981,28.1027,0.00933694,330.288,-86.7774,30,0.704462,151.563,25.0381,0.00569013,289.572,-90.7722,26.1439,0.599938,155.781,26.9888,0.00735274,310.582,-89.2731,30,0.665173
384,150.557,24.9313,0.00497201,301.195,-90.2721,29.8976,0.64898,159.46,26.9352,0.00799817,321.302,-87.7697,30,0.678409,154.594,25.8936,0.00633012,310.718,-92.1583,27.9631,0.620067,158.056,28.1555,0.00888057,331.634,-87.0352,30,0.704303,152.815,24.8228,0.0052057,289.908,-91.0411,26.0423,0.604447,155.225,26.9807,0.00669241,311.576,-88.7213,29.9936,0.66604
385,150.571,25.0789,0.00485467,301.55,-89.7145,30,0.650657,159.595,27.0338,0.00743964,319.209,-88.2597,30,0.676979,155.084,26.0407,0.00610857,309.553,-92.0473,28.1003,0.619762,158.976,27.9758,0.00914958,328.201,-86.908,30,0.704425,152.995,24.9129,0.00557537,289.803,-90.9617,25.8972,0.603561,156.819,26.9799,0.00678043,308.563,-88.8897,29.9437,0.674095
386,150.342,25.0583,0.0050594,298.183,-89.7408,30,0.654941,160.075,27.084,0.00705621,320.527,-87.8412,30,0.682701,154.453,26.1902,0.00649518,308.302,-91.7381,27.9368,0.621893,157.676,28.1871,0.0086015,329.991,-87.0432,30,0.701455,151.262,25.0867,0.00598059,291.218,-90.784,25.9579,0.598249,156.034,26.8183,0.00744536,308.575,-88.7582,29.8751,0.673226
387,149.304,24.8153,0.00521949,299.121,-89.8713,30,0.646088,160.864,26.9809,0.00773445,320.004,-87.9374,30,0.677004,155.085,25.9761,0.00589011,310.69,-91.8857,27.8638,0.618387,157.824,27.8388,0.0087359,328.207,-86.7023,30,0.695875,151.04,25.0877,0.00543919,291.147,-90.7459,26.0298,0.596871,156.564,27.1823,0.00708023,310.728,-89.0975,29.9645,0.672347
388,150.856,25.0516,0.00528985,298.687,-90.1728,30,0.646766,160.27,26.9167,0.00779153,321.232,-88.0217,30,0.681468,155.986,26.049,0.00553577,308.069,-92.1078,27.9087,0.623131,158.69,27.9034,0.00882564,328.945,-86.755,30,0.701561,151.831,25.0524,0.00538586,289.359,-90.9193,26.0273,0.597935,155.299,26.9474,0.0069152,310.515,-88.7513,29.8609,0.667437
389,149.387,25.0009,0.0049297,300.916,-90.1546,30,0.653839,160.821,27.1835,0.00777326,321.624,-88.1593,30,0.675065,155.414,26.175,0.00568694,310.548,-91.8521,28.1283,0.621469,158.941,27.9379,0.00884993,330.172,-87.0699,30,0.702318,152.503,25.0988,0.00534502,290.089,-91.084,25.8548,0.600624,155.248,26.832,0.0072555,308.038,-88.7246,30,0.67483
390,149.116,25.0334,0.00484933,301.374,-90.0833,29.9281,0.653576,159.749,26.8067,0.00739029,320.618,-88.1474,30,0.675567,155.176,26.1025,0.00591331,309.681,-92.247,27.9106,0.616547,157.963,28.0117,0.00944894,328.293,-86.9401,30,0.700162,152.746,24.8822,0.00504077,290.689,-91.0929,25.8553,0.597514,155.619,27.0467,0.00667259,309.652,-89.0105,29.9878,0.674739
391,149.091,25.1804,0.00508194,301.183,-90.0418,29.9862,0.653793,160.792,26.8955,0.00719924,319.985,-87.7598,30,0.68152,155.416,26.1115,0.00606392,309.61,-91.7198,28.0334,0.622286,157.69,28.068,0.0087578,328.98,-86.8712,30,0.701833,151.539,25.0395,0.00544393,290.388,-91.1255,26.0646,0.603059,155.52,26.9202,0.00716115,310.782,-88.8775,30,0.668928
392,149.79,24.9019,0.00465683,300.77,-90.2441,30,0.653267,160.715,27.1627,0.0074086,321.387,-88.2052,30,0.682849,154.15,26.1954,0.0061748,311.014,-92.1525,28.0522,0.615432,158.676,27.8678,0.00919736,328.898,-87.2589,30,0.696693,152.459,24.895,0.00534247,290.27,-91.129,25.9634,0.603156,155.358,26.8329,0.00682836,309.698,-88.9744,29.9617,0.672899
393,149.079,24.9727,0.00488226,300.59,-89.7202,30,0.654869,159.604,26.8123,0.00716566,319.58,-88.1102,30,0.679327,154.676,25.849,0.00579612,311.546,-92.1188,28.0642,0.62112,157.854,27.8956,0.00886901,330.368,-87.0895,30,0.696165,152.76,24.9761,0.00562521,289.962,-90.7765,26.0141,0.599808,156.849,27.0879,0.00661155,308.711,-88.8277,30,0.670452
394,150.109,25.0528,0.00493912,300.721,-90.2349,30,0.652502,160.262,26.9265,0.00716096,319.637,-87.9031,30,0.678826,155.227,26.1255,0.00552628,309.802,-91.8449,28.0138,0.621515,158.033,28.1967,0.00855462,329.964,-87.2452,30,0.69883,151.311,25.1855,0.00594679,289.344,-90.9162,26.0101,0.603156,156.255,26.8001,0.00726317,310.987,-88.9942,30,0.674084
395,150.048,25.0432,0.00549652,299.195,-90.1052,29.9048,0.653959,160.489,26.8423,0.00798177,320.924,-87.7897,30,0.68005,155.397,26.0172,0.00616665,311.271,-92.0754,28.1046,0.616629,157.542,27.8173,0.00886443,329.52,-86.8168,30,0.699367,152.304,24.8211,0.00518027,290.508,-90.9152,26.0822,0.59903,156.445,27.0736,0.00746339,308.861,-88.969,30,0.674986
396,149.402,25.0093,0.00484619,300.104,-90.1607,29.8643,0.650726,159.672,26.8728,0.00732394,318.197,-87.7297,30,0.683148,154.846,26.1613,0.00598332,310.296,-92.0049,28.07,0.620667,157.543,27.8582,0.00910612,329.957,-87.2424,30,0.700148,152.654,24.8304,0.0053485,291.291,-90.9109,25.937,0.603453,155.987,26.9993,0.00747659,311.788,-89.0849,29.8922,0.668257
397,149.061,24.8083,0.00489552,301.764,-89.7772,30,0.650652,159.012,26.8862,0.00702477,321.018,-88.2126,30,0.681433,154.459,25.8631,0.00612762,311.603,-91.869,27.9546,0.620874,157.622,28.1997,0.00924884,330.458,-87.046,30,0.698416,151.058,24.958,0.00593048,290.505,-91.2496,26.1155,0.597689,155.488,26.9188,0.0070772,310.179,-89.0052,30,0.668165
398,150.564,24.8701,0.00528262,300.655,-89.8901,29.9945,0.65167,159.16,27.1406,0.00705555,318.595,-87.9539,30,0.675763,155.842,26.1894,0.00610595,309.925,-91.8552,27.9485,0.619933,158.832,28.1823,0.00942707,329.05,-87.1605,30,0.699413,151.628,24.9497,0.00562064,291.05,-90.8587,26.0943,0.595322,155.095,27.1158,0.00703308,310.313,-89.2684,29.9266,0.671384
399,150.718,25.1668,0.00500042,300.182,-89.8002,30,0.650169,160.81,27.116,0.00790907,318.873,-87.9854,30,0.676111,155.589,25.8732,0.00630812,310.448,-92.1841,27.992,0.621819,158.268,27.9709,0.00939937,330.077,-86.9965,30,0.704221,151.354,25.0113,0.00580357,288.862,-90.9836,25.9222,0.602597,156.129,27.1424,0.00739456,310.595,-88.8648,30,0.668844
400,150.296,25.1633,0.00491668,299.258,-90.0669,29.9806,0.645736,159.997,26.9977,0.00758844,319.451,-87.9321,30,0.684555,155.167,25.817,0.00646924,310.823,-92.0984,27.8941,0.616434,157.335,27.8182,0.00940215,330.163,-86.88,30,0.702915,152.765,25.1869,0.00543907,291.801,-90.866,25.8712,0.601818,156.373,27.1623,0.00687293,310.34,-89.2927,29.9496,0.665622
401,150.044,25.127,0.00470644,300.11,-90.1776,29.8862,0.65011,159.158,27.0349,0.00703134,318.427,-87.97,30,0.67529,155.147,26.1354,0.00622232,308.525,-91.9445,28.0517,0.615372,158.711,28.1625,0.00935045,331.299,-86.853,30,0.701786,152.613,25.065,0.00532773,289.504,-90.7618,25.8551,0.601988,156.91,27.0825,0.00749391,310.75,-89.2794,30,0.667846
402,149.892,24.9248,0.00476855,299.726,-90.0727,30,0.653132,159.594,26.8855,0.0076669,320.681,-87.7593,30,0.68353,155.042,26.0485,0.00559137,309.73,-92.1636,27.9263,0.620041,158.625,28.0975,0.009091,330.158,-87.0436,30,0.700602,151.508,24.892,0.00561135,290.091,-91.2954,26.099,0.602041,156.324,26.8275,0.00686206,311.742,-88.7824,29.9357,0.666571
403,149.898,24.9423,0.00518223,301.866,-90.0822,29.8687,0.653976,159.076,27.1811,0.00766458,321.767,-88.1802,30,0.679882,154.901,25.9326,0.00645766,311.29,-91.9031,27.8989,0.622343,158.454,27.97,0.00942479,328.668,-87.1396,30,0.702955,152.244,24.926,0.00516381,288.161,-91.2,25.986,0.597472,155.518,27.1502,0.00701514,310.917,-89.2786,29.9595,0.669792
404,149.373,24.8481,0.0053703,301.758,-90.2527,29.9547,0.654583,159.166,27.0575,0.00797222,321.913,-88.0173,30,0.677021,155.779,26.1647,0.00610788,311.065,-91.856,28.0485,0.623273,158.371,28.0136,0.00873696,330.976,-87.0159,30,0.703019,152.393,25.1749,0.00516544,290.597,-91.1535,26.1211,0.595995,156.312,27.1164,0.00685492,311.817,-88.7896,29.9384,0.665075
405,149.593,24.9125,0.00538996,301.868,-90.2577,29.9914,0.650483,159.186,26.951,0.00731708,320.144,-87.9033,30,0.676368,155.626,26.0714,0.00638907,309.797,-91.7637,28.1097,0.619384,157.762,28.1731,0.00921516,331.713,-86.8218,30,0.696159,151.583,25.1875,0.00531942,288.373,-90.8755,26.0702,0.597855,155.595,26.9876,0.00652179,311.157,-89.1097,30,0.673026
406,150.323,24.9299,0.00501632,299.779,-90.0967,30,0.649835,160.665,26.8421,0.00714102,321.909,-87.9473,30,0.680232,154.431,26.0875,0.00558478,310.293,-91.9575,28.1243,0.620262,157.274,28.0291,0.00859133,328.815,-87.2813,30,0.695845,151.939,25.1732,0.00571976,288.31,-91.1655,26.0521,0.603947,155.066,27.125,0.00706181,310.184,-88.7253,30,0.673501
407,149.708,25.0217,0.00511541,299.286,-89.9579,29.921,0.646434,159.748,27.0957,0.00791619,319.831,-87.9143,30,0.684045,155.137,26.1121,0.00629444,309.026,-91.9825,28.1381,0.615896,158.366,28.1849,0.00880058,331.446,-86.7398,30,0.697313,151.668,24.8143,0.00583145,291.398,-90.9204,25.9558,0.595768,156.506,27.0906,0.0074126,310.922,-88.8028,30,0.671307
408,149.854,25.1608,0.00515097,299.593,-90.2499,29.9372,0.650437,159.551,26.8885,0.00752739,318.679,-87.8198,30,0.680739,154.295,25.9298,0.00591009,311.233,-91.8379,27.9169,0.621162,157.487,28.1953,0.00945212,330.253,-86.8807,30,0.70221,152.4,25.1834,0.00559646,290.545,-90.7904,26.051,0.602329,155.468,26.9485,0.0066473,310.023,-89.0266,30,0.671112
409,150.573,24.9336,0.00533155,300.46,-89.8818,29.9383,0.650486,160.268,27.0356,0.00791519,321.593,-87.7174,30,0.684719,155.665,25.9083,0.00592744,308.954,-92.2975,27.9064,0.615041,158.44,27.9702,0.00881257,331.047,-86.8005,30,0.70142,151.923,24.9221,0.00522232,288.852,-91.0545,26.1475,0.595009,155.394,26.8754,0.00721712,309.41,-89.0256,29.8946,0.66905
410,149.206,25.0132,0.00459794,301.162,-89.96,30,0.649185,159.763,26.8393,0.00752386,320.058,-88.0191,30,0.683325,155.502,25.8575,0.00612206,308.321,-91.8832,27.9646,0.616325,158.724,28.0456,0.00885472,328.123,-86.9776,30,0.700964,152.943,24.8546,0.00556831,291.193,-90.9847,25.8773,0.600829,156.223,27.0915,0.00726121,311.083,-88.9019,29.9147,0.669042
411,150.552,25.1814,0.00457895,300.142,-90.1125,29.9176,0.650058,160.212,26.8039,0.00778021,321.28,-87.7207,30,0.680946,154.853,25.9339,0.00606563,311.13,-92.2862,28.1408,0.623099,158.502,28.1042,0.00888906,331.006,-87.0679,30,0.696772,151.585,25.0205,0.00531921,289.697,-91.0045,26.1069,0.600232,155.725,26.8991,0.00690868,310.063,-88.8523,29.8863,0.667216
412,149.759,24.9442,0.00489175,301.174,-90.1055,30,0.651239,159.464,27.0875,0.00754711,319.787,-87.8141,30,0.683832,155.122,26.0437,0.00637506,311.27,-91.9391,28.076,0.619333,158.095,27.8248,0.00858986,331.318,-87.2642,30,0.702958,151.002,24.913,0.00558404,290.382,-90.8337,26.0018,0.600094,156.451,26.9994,0.00710849,311.591,-89.0591,29.9655,0.665035
413,150.227,24.8119,0.00500415,301.217,-89.97,29.9309,0.652862,159.539,27.0932,0.00761026,318.68,-87.7569,30,0.684896,154.015,25.9054,0.00569986,308.056,-91.8606,28.058,0.622924,157.513,27.9777,0.00915911,329.759,-86.8816,30,0.696146,152.562,25.0883,0.00565583,288.62,-91.1392,25.968,0.597799,155.456,27.1221,0.00713823,310.262,-89.1644,30,0.666912
414,150.59,25.1867,0.00522709,301.971,-89.9094,29.9152,0.647038,159.649,26.8029,0.0076817,319.075,-87.8109,30,0.6798,155.931,25.8969,0.00622125,311.02,-92.1674,28.0003,0.618502,158.544,28.049,0.00897598,331.117,-87.1589,30,0.703654,152.757,25.1135,0.00540801,291.927,-91.0722,26.0416,0.596611,156.961,27.0816,0.00725338,308.263,-88.8419,30,0.671718
415,149.584,24.9959,0.00461043,299.886,-90.1537,29.9547,0.646626,159.46,26.8306,0.0079199,320.122,-88.062,30,0.681283,155.844,25.8715,0.00579555,311.903,-92.0773,27.8568,0.616476,157.053,28.196,0.00877887,331.694,-86.7025,30,0.695332,151.163,24.9926,0.00540617,290.425,-91.0367,26.1302,0.600347,156.387,27.1586,0.00664687,308.919,-89.2356,29.8919,0.670126
416,149.642,24.9693,0.00548249,298.627,-89.9755,29.8797,0.648185,160.055,27.1787,0.00739123,318.26,-88.0671,30,0.6773,155.236,25.827,0.00596472,310.438,-92.0469,27.8557,0.624855,157.734,28.1114,0.00882565,329.9,-87.0669,30,0.695219,151.72,25.1558,0.00569039,288.582,-90.9453,26.1177,0.602,155.297,27.1471,0.00680154,309.816,-88.9843,30,0.674316
417,150.859,24.8032,0.00542189,298.218,-90.1405,30,0.649799,160.209,26.9918,0.00793438,318.962,-88.1356,30,0.675767,155.219,26.0727,0.00600554,310.777,-92.1963,28.1058,0.6164,157.802,27.8301,0.00904521,330.679,-86.7353,30,0.700411,152.865,24.9914,0.00556121,290.384,-91.054,26.1015,0.596852,156.11,27.0889,0.00740398,311.536,-88.9948,30,0.668942
418,149.936,25.1625,0.0054307,301.582,-90.217,30,0.654484,159.722,27.0075,0.0077791,320.248,-87.7039,30,0.682139,155.585,25.9976,0.00635698,310.185,-92.053,27.8823,0.618934,158.468,28.1685,0.00875168,329.421,-87.2076,30,0.704602,152.282,25.0468,0.00555349,288.354,-90.8623,26.0306,0.601615,156.798,27.1136,0.00728092,311.709,-88.706,30,0.666089
419,149.918,25.115,0.00452773,298.228,-90.2597,30,0.650012,159.738,26.8422,0.00773224,319.284,-88.1408,30,0.68059,154.725,26.0566,0.00577122,311.179,-92.1624,27.8977,0.622824,158.416,27.8731,0.00861625,331.354,-86.834,30,0.701582,151.248,25.0028,0.00501873,289.566,-91.2551,25.9925,0.599217,155.889,26.8181,0.00686162,311.026,-89.0787,30,0.668695
420,149.846,25.0256,0.00545068,298.435,-90.2803,30,0.654491,160.979,26.9937,0.00746808,320.58,-87.9666,30,0.68374,155.493,25.9988,0.00596186,310.558,-92.0266,27.9873,0.615163,157.348,27.9954,0.00932265,329.115,-86.9864,30,0.696048,152.917,25.1419,0.00507849,290.879,-91.0915,26.1485,0.598024,155.477,27.0272,0.00733513,308.77,-88.8744,29.8684,0.674189
421,149.162,25.1657,0.00499081,299.792,-89.716,30,0.651502,159.254,27.0025,0.00752916,320.058,-87.9583,30,0.682112,155.425,25.8462,0.00607024,310.273,-91.8905,27.8756,0.621265,157.562,28.0028,0.00927332,330.823,-87.2287,30,0.704691,151.314,25.1412,0.00570255,291.096,-91.1308,25.9364,0.60406,155.72,26.8252,0.0071006,308.499,-88.822,30,0.673747
422,150.57,24.8448,0.00488107,301.098,-90.0496,30,0.652357,159.031,27.152,0.0071008,318.562,-87.8593,30,0.680363,154.578,25.9405,0.00584289,309.307,-92.1543,28.0327,0.624004,157.614,27.8747,0.00933858,330.967,-86.7415,30,0.696443,152.083,25.0458,0.00548017,290.396,-91.1918,25.9939,0.601581,155.865,27.0718,0.00695119,309.334,-89.1178,29.9733,0.665231
423,150.337,25.138,0.00485463,298.184,-89.7079,29.9291,0.646266,159.74,27.0954,0.00729392,320.299,-88.0507,30,0.678303,155.45,26.0448,0.00561978,308.653,-91.9156,28.094,0.618495,158.191,27.8683,0.00881138,328.081,-86.839,30,0.703161,152.417,25.1315,0.00528566,288.74,-90.7169,26.0652,0.60334,155.026,26.9418,0.00724282,308.312,-88.9596,29.9787,0.665176
424,149.472,24.9139,0.00461186,300.526,-90.1546,29.9333,0.653982,159.934,26.9569,0.00772387,321.638,-88.285,30,0.681108,154.637,26.109,0.00647148,311.774,-92.1404,27.9179,0.624575,157.917,27.8833,0.009207,329.138,-87.1397,30,0.696625,151.129,24.9077,0.00560695,288.492,-91.017,26.0382,0.603487,155.46,27.1269,0.00673491,310.707,-89.0416,29.8844,0.672143
425,149.436,24.8706,0.00485832,300.613,-90.1596,29.9051,0.6451,159.943,26.9715,0.00723387,318.215,-88.0424,30,0.682153,155.722,25.8038,0.00646642,309.366,-91.7058,27.9258,0.619715,157.708,27.9423,0.00934228,330.986,-86.7047,30,0.699633,151.18,25.1986,0.00555153,290.802,-91.056,26.0143,0.604426,155.333,26.9169,0.00665206,311.169,-89.2628,29.8745,0.667985
426,150.028,24.9625,0.00454482,301.83,-89.7283,29.9338,0.652315,160.157,26.895,0.00726217,319.965,-88.0485,30,0.683075,154.963,26.0619,0.00568927,310.134,-92.1092,28.0079,0.622808,158.538,27.9417,0.00919428,331.765,-86.9246,30,0.701797,151.21,25.1488,0.00551666,289.541,-91.2658,25.9642,0.604032,155.042,26.9899,0.00743116,309.579,-89.0431,30,0.669629
427,149.337,24.8074,0.00510981,301.683,-90.2362,29.9133,0.648702,160.617,26.9077,0.00788205,318.22,-87.7354,30,0.681588,154.735,26.1128,0.00566657,308.196,-92.0627,28.1061,0.622549,158.034,28.0289,0.00862989,331.363,-86.8278,30,0.699662,152.929,25.1516,0.00564443,289.487,-90.9292,26.0226,0.598942,155.613,26.9628,0.00707391,309.713,-89.1419,30,0.670315
428,149.135,24.9473,0.00538491,301.021,-90.1061,30,0.645766,160.922,26.8983,0.00700909,319.735,-88.0846,30,0.682968,155.685,25.9605,0.00592985,308.593,-92.2715,28.0424,0.615644,158.468,28.0156,0.00869858,330.158,-87.1902,30,0.702996,151.924,24.8595,0.00572383,288.747,-90.8569,25.9938,0.599537,156.703,27.0834,0.00653291,309.185,-88.7774,29.8555,0.670453
429,150.456,25.0487,0.00526053,300.903,-89.8848,30,0.651457,159.805,26.9888,0.00771672,321.505,-88.1367,30,0.684307,155.157,25.8716,0.0061637,311.963,-91.8059,28.0737,0.61708,158.752,28.0103,0.00938929,329.319,-87.2628,30,0.697698,152.43,25.1828,0.00569097,291.548,-91.0282,26.0815,0.60343,156.422,27.0031,0.00712587,310.802,-89.1481,30,0.674503
430,149.93,25.0804,0.00523703,300.649,-89.9717,30,0.649489,159.122,27.1378,0.00767398,321.397,-88.2169,30,0.684344,154.295,26.1239,0.00632321,310.835,-92.2212,28.0502,0.623891,157.851,27.9654,0.00894286,328.329,-86.7648,30,0.704979,152.17,25.1005,0.00520267,290.67,-90.9102,26.1204,0.603308,156.877,27.1475,0.00736869,308.255,-88.7924,30,0.668804
431,149.113,25.0711,0.0048282,299.871,-89.891,30,0.653254,159.901,26.9551,0.00723978,319.49,-88.2334,30,0.680739,154.256,25.9411,0.00604704,310.132,-92.2787,28.1353,0.617754,157.032,27.8306,0.00908019,328.551,-87.275,30,0.701228,151.224,24.9253,0.00541776,288.638,-90.9964,25.8756,0.595465,156.04,26.8992,0.00659537,309.696,-88.7509,30,0.673156
432,150.744,25.1891,0.00526325,300.434,-90.0807,29.9045,0.651867,160.99,26.9869,0.00772368,319.98,-88.0408,30,0.680046,154.734,26.0995,0.00637427,311.532,-92.1634,28.1188,0.618416,157.619,28.0907,0.0088047,328.212,-87.0758,30,0.69827,152.259,25.064,0.00573374,291.589,-91.0405,25.8999,0.598189,155.864,27.0856,0.00651312,309.263,-88.8321,30,0.672317
433,150.624,25.1133,0.00518218,299.759,-89.7098,30,0.647028,159.586,27.0774,0.00792474,318.715,-88.2506,30,0.684153,154.553,25.9509,0.00616019,309.32,-91.7737,27.8823,0.61538,157.417,27.9144,0.00861293,328.263,-86.8466,30,0.704139,151.736,25.0682,0.0052254,288.961,-90.9552,26.0182,0.602687,156.516,27.0683,0.00694913,311.563,-88.9265,30,0.673194
434,149.089,24.9282,0.00507188,300.886,-89.9698,30,0.647827,159.368,26.8216,0.00757331,320.754,-88.1043,30,0.675522,154.199,26.0807,0.00586807,310.685,-91.801,28.1058,0.616722,157.973,28.0936,0.00927398,331.139,-87.1631,30,0.7009,152.482,24.9277,0.00510471,290.867,-91.1202,25.8999,0.596477,155.63,27.0371,0.0068584,308.083,-89.2419,29.9372,0.671597
435,149.197,25.0243,0.00461989,298.846,-90.1967,29.8702,0.651713,159.927,27.1324,0.00709889,318.579,-88.1161,30,0.678058,154.817,25.9206,0.00558022,311.758,-91.9709,28.0863,0.621584,158.029,27.8359,0.00914273,328.621,-87.0514,30,0.702822,152.37,25.0686,0.00514904,289.385,-91.2743,26.0658,0.604526,155.528,26.8351,0.00697557,311.427,-88.9688,29.864,0.674743
436,150.657,24.8526,0.0054218,299.803,-90.0769,29.9883,0.653346,160.319,26.8237,0.0079576,318.591,-87.8527,30,0.676875,154.341,26.1481,0.00591969,310.618,-91.9976,28.0682,0.619792,157.575,27.9454,0.00935908,329.872,-87.1719,30,0.702966,151.111,25.1996,0.00569493,288.641,-91.1577,26.0577,0.602798,155.478,26.9028,0.00680712,310.392,-89.1969,29.8813,0.671789
437,150.558,25.0004,0.00486383,299.728,-90.067,30,0.652681,159.416,26.9537,0.00754401,320.452,-88.0191,30,0.682676,155.01,26.1418,0.00625109,311.114,-91.7262,27.9299,0.617676,158.778,28.1089,0.00942655,328.253,-86.9233,30,0.700039,151.311,24.8512,0.00501217,290.521,-91.0846,25.8816,0.598228,155.338,27.1767,0.00682,309.336,-88.7961,30,0.672102
438,150.272,25.1785,0.004707,301.956,-89.8014,30,0.651624,160.298,26.8234,0.00721802,321.846,-87.9794,30,0.68262,155.049,25.8053,0.00623624,310.929,-92.2009,28.137,0.617239,157.915,27.8459,0.00910328,329.502,-87.0881,30,0.695096,152.596,25.0286,0.0059861,290.358,-91.2668,25.8652,0.603832,156.682,26.9384,0.00711803,309.958,-88.7197,30,0.674838
439,150.733,25.1638,0.00471728,301.324,-89.8747,30,0.650713,159.17,27.039,0.00768658,318.881,-88.0635,30,0.678741,154.75,25.8532,0.00644075,311.002,-92.2993,28.0797,0.622398,157.019,27.9478,0.00910675,329.811,-86.8332,30,0.696539,152.953,24.8968,0.00571769,288.573,-91.1026,25.9826,0.596922,155.9,26.8629,0.00705901,310.655,-89.2625,30,0.666851
440,149.451,25.0645,0.00496875,299.998,-90.2231,30,0.651171,159.271,26.9496,0.00781041,320.273,-88.2348,30,0.677427,155.035,26.1373,0.00593627,309.733,-91.7568,28.0229,0.620662,157.524,28.0431,0.00907591,329.587,-86.7056,30,0.702496,152.075,24.9848,0.0051849,289.223,-90.8356,25.9861,0.603823,155.296,27.0033,0.00714697,310.067,-88.7665,30,0.666158
441,149.26,24.8521,0.00518118,299.491,-89.86,29.9716,0.651276,160.54,27.0193,0.0075395,318.353,-88.0535,30,0.67962,155.802,26.1626,0.00632192,309.501,-91.8696,27.9686,0.617326,157.686,27.8284,0.00883178,329.843,-86.7267,30,0.704025,151.458,24.8764,0.005519,290.69,-91.2734,25.9163,0.599557,155.662,27.085,0.00701116,308.641,-88.7633,29.9379,0.672311
442,150.56,25.1853,0.00499851,300.463,-90.0991,30,0.649634,159.875,27.1422,0.00705017,321.528,-87.7888,30,0.679902,154.724,26.1977,0.00561117,310.361,-91.891,28.1303,0.622802,158.288,27.8467,0.00887373,328.555,-86.7713,30,0.702575,152.305,25.0028,0.00514997,289.319,-91.2179,26.0675,0.596602,156.404,27.0769,0.0069593,308.541,-89.1111,29.946,0.672004
443,149.227,25.1316,0.00526101,298.745,-89.8685,30,0.652481,159.378,26.863,0.00723648,319.463,-87.8238,30,0.684255,154.117,25.8046,0.00619914,309.117,-92.0996,28.014,0.616024,158.285,27.9301,0.00913272,331.336,-87.1973,30,0.700307,152.846,24.8831,0.00560456,289.616,-90.8355,26.0318,0.599945,156.826,26.9508,0.00671998,310.432,-88.9256,29.9817,0.669866
444,150.919,25.0931,0.0046106,298.849,-89.7147,30,0.65415,159.608,27.0967,0.007714,319.179,-87.9695,30,0.679811,155.654,26.1331,0.0063506,311.214,-92.0071,27.9644,0.623314,157.98,27.8985,0.00900734,328.567,-86.885,30,0.697607,152.913,25.1108,0.00578707,290.495,-90.7965,26.0777,0.600988,156.922,26.8766,0.00744338,309.606,-88.983,29.8868,0.670401
445,150.222,25.1991,0.00547519,301.866,-90.091,30,0.649555,160.704,26.8865,0.00750583,321.864,-87.7318,30,0.682978,154.353,26.0887,0.00611805,308.366,-92.2321,27.8825,0.622244,157.283,27.9871,0.00885698,330.202,-86.8761,30,0.700155,151.929,24.9591,0.00586191,289.323,-91.1444,26.073,0.598598,156.694,26.9312,0.00720194,308.18,-89.0687,29.953,0.673167
446,150.934,24.9844,0.00532484,300.799,-89.7196,30,0.645775,160.427,27.0142,0.00701644,319.005,-87.7469,30,0.682989,155.964,26.1226,0.0055102,309.151,-92.2816,27.8782,0.617188,158.007,28.139,0.00936197,330.465,-86.7431,30,0.70389,151.908,24.9109,0.00591641,289.552,-90.998,25.9487,0.601628,156.99,26.8102,0.00739985,308.016,-89.0815,29.9006,0.672573
447,149.101,25.0214,0.00479493,298.535,-89.8369,29.9152,0.647237,159.55,27.0347,0.00765967,318.07,-88.1549,30,0.67832,155.768,26.1151,0.00612589,309.352,-91.8796,28.1031,0.620948,158.569,28.0996,0.00907174,329.249,-86.8525,30,0.702795,152.609,25.1289,0.00547292,288.77,-91.2402,26.073,0.603863,156.302,26.8577,0.0074349,311.956,-89.04,30,0.672772
448,150.473,25.1871,0.00461488,300.323,-89.8848,30,0.653741,160.956,27.0048,0.00783076,319.709,-88.0466,30,0.683182,155.972,25.9025,0.00555613,311.262,-91.9279,28.1379,0.617522,157.142,27.997,0.00858547,329.047,-87.2244,30,0.696061,152.908,24.9114,0.0054439,291.594,-90.8936,26.0354,0.602056,156.658,27.1511,0.00714264,311.56,-88.9788,29.9332,0.673801
449,150.083,25.1625,0.00454017,299.59,-89.7313,29.9249,0.654415,160.908,27.1529,0.00756367,320.588,-87.7782,30,0.681301,155.965,26.0743,0.00647548,308.23,-92.2166,27.9854,0.618849,158.565,27.8642,0.0094761,329.26,-87.0426,30,0.700794,151.117,24.8599,0.0057458,288.746,-91.1587,26.0879,0.595933,155.875,26.8092,0.00684681,310.796,-89.2459,30,0.674095
450,149.21,25.1963,0.00479753,298.336,-90.297,29.9726,0.651298,159.664,27.1347,0.00771661,319.401,-87.8594,30,0.675931,154.612,25.9853,0.00599799,310.169,-92.1196,28.0502,0.621451,158.156,27.8455,0.00897697,329.425,-87.0054,30,0.699805,151.028,24.9755,0.00582065,291.12,-90.992,25.9249,0.599651,156.127,27.1999,0.00714418,310.777,-89.0051,29.9563,0.67313
451,149.99,25.1979,0.00495712,298.272,-89.8905,29.864,0.647505,159.707,27.0958,0.00749424,318.115,-87.9299,30,0.684218,154.999,26.0836,0.00571887,311.044,-91.8674,28.1212,0.615338,157.895,28.0717,0.00859516,329.642,-86.7347,30,0.704854,151.114,25.0871,0.00558102,290.002,-90.7175,25.8889,0.60396,156.382,26.9036,0.00740167,309.717,-88.8115,29.9667,0.673509
452,150.273,24.8564,0.00514966,298.765,-90.0528,29.9011,0.64522,159.424,27.0145,0.00748156,320.006,-88.1514,30,0.682043,154.716,26.1525,0.00614402,310.852,-92.1336,27.8502,0.623654,158.645,27.8493,0.00887411,330.645,-86.9087,30,0.696403,151.86,24.8389,0.0053896,288.06,-90.761,26.0081,0.603498,155.12,26.891,0.00675938,309.547,-88.8183,29.966,0.667047
453,149.13,24.8318,0.00526005,299.779,-89.8643,30,0.646354,159.286,27.1021,0.00772127,319.512,-88.2535,30,0.677882,154.018,25.892,0.0059195,308.486,-92.2374,28.1189,0.620855,158.869,27.9383,0.00917714,328.819,-86.929,30,0.695021,152.863,25.022,0.00592694,289.335,-91.1033,25.9702,0.60206,156.132,27.1701,0.00652544,310.833,-89.1018,29.9041,0.670104
454,150.01,24.8548,0.0047019,299.633,-90.0547,29.9453,0.646485,159.009,27.1881,0.0079435,319.935,-87.703,30,0.675689,154.235,26.1664,0.00613005,311.373,-91.761,27.9844,0.615485,157.377,27.8266,0.00868874,329.642,-87.2291,30,0.699458,151.68,24.9871,0.00542917,290.578,-90.7377,25.8824,0.595993,156.706,27.0026,0.00726641,308.862,-88.8027,30,0.671355
455,149.212,25.1581,0.00529249,301.004,-90.278,30,0.64638,159.445,27.0309,0.00726498,320.645,-87.9352,30,0.68156,155.848,25.8644,0.00609706,309.367,-92.0242,27.9361,0.618541,157.058,28.1926,0.0091248,330.003,-87.0698,30,0.698801,151.72,24.9856,0.00527598,288.72,-90.966,26.1028,0.596528,155.065,26.8987,0.00747972,311.315,-88.9425,30,0.669453
456,150.967,24.9185,0.00474031,300.552,-90.0731,30,0.64805,160.236,26.9103,0.00705097,321.649,-87.7701,30,0.682165,155.365,26.0236,0.00562594,308.757,-92.1263,28.117,0.61673,158.846,28.0091,0.00921557,328.441,-87.1386,30,0.697661,151.593,24.879,0.00512907,288.933,-90.9146,25.9866,0.600538,155.245,27.1208,0.00728409,308.086,-89.0699,29.8706,0.672921
457,150.475,25.1608,0.0047364,299.825,-90.1893,29.9614,0.650222,159.107,27.0859,0.00754329,321.316,-88.1369,30,0.684987,155.839,26.1112,0.00631237,310.295,-92.1859,28.0531,0.622128,158.971,28.0165,0.00877137,330.735,-86.7124,30,0.69826,152.084,24.8681,0.00502222,289.348,-90.7808,25.863,0.599289,156.524,27.1813,0.00748548,309.688,-88.7298,29.8606,0.672459
458,150.285,24.8998,0.00500732,298.518,-89.777,29.9574,0.65126,159.318,26.8825,0.00799196,321.012,-87.7228,30,0.676646,155.006,25.9979,0.00567495,310.933,-92.0829,27.9059,0.61832,158.127,28.0906,0.00898189,330.102,-87.2166,30,0.704287,152.367,24.8071,0.00553707,290.517,-90.7032,26.1488,0.603576,155.128,27.1813,0.00711266,311.204,-89.0557,29.9459,0.669632
459,149.294,24.9428,0.00535762,298.152,-90.2095,29.8875,0.649031,160.994,26.8693,0.00714548,321.66,-87.7708,30,0.682517,155.311,26.1071,0.0059945,311.966,-92.2737,27.9203,0.618965,157.9,28.1685,0.00906,328.18,-87.0553,30,0.704655,152.198,25.0543,0.00571325,291.08,-90.919,25.9212,0.60374,156.464,27.0967,0.00749656,311.21,-88.8025,30,0.666511
460,149.995,25.0322,0.00482928,301.358,-89.8425,30,0.654971,159.519,27.0942,0.0075514,319.252,-88.2036,30,0.680955,155.65,26.0181,0.00571998,309.35,-92.0711,28.1419,0.615056,158.971,28.1922,0.00949615,329.906,-86.7217,30,0.695263,151.449,25.1781,0.00501376,290.184,-91.2546,25.9359,0.595881,156.719,27.0364,0.00740211,310.753,-88.7174,30,0.671387
461,150.153,24.9937,0.00534596,300.578,-89.8192,30,0.64691,160.3,26.8799,0.00758332,320.71,-87.7017,30,0.675912,154.154,25.9593,0.00632159,311.376,-91.8578,28.1191,0.618229,157.176,27.8233,0.00935213,330.922,-86.8808,30,0.698799,152.916,24.8255,0.00577373,289.239,-91.2766,26.0728,0.598309,156.444,27.0831,0.00703479,311.109,-88.9514,29.936,0.672341
462,150.178,24.8051,0.00540164,300.183,-89.7788,30,0.64945,160.015,26.9663,0.00744944,321.581,-87.8271,30,0.681103,155.992,26.0382,0.00628587,311.076,-92.0898,27.9616,0.622241,158,28.0282,0.00921291,331.11,-87.1371,30,0.697918,152.015,24.9369,0.00556836,288.214,-90.9941,25.9604,0.600347,155.845,26.9137,0.00740411,308.739,-88.8912,30,0.670387
463,150.753,24.8499,0.00499379,299.828,-90.2951,29.983,0.64869,160.34,27.1753,0.00708579,319.31,-88.0336,30,0.682748,154.887,25.8109,0.0062101,311.539,-91.9917,28.0243,0.616629,157.441,27.8941,0.00893074,331.713,-86.9869,30,0.697661,151.768,25.0493,0.00544003,289.57,-90.9612,25.9226,0.595789,155.049,26.9005,0.00659159,309.345,-88.8362,30,0.671109
464,150.705,24.9128,0.00538505,299.597,-90.0595,29.9716,0.645981,160.951,26.8554,0.00734089,319.277,-88.2552,30,0.675449,154.585,26.1467,0.00583944,308.495,-91.9126,28.149,0.617323,157.559,28.1887,0.00867878,330.045,-87.1562,30,0.704815,152.629,24.9259,0.00540349,288.969,-90.7655,26.1244,0.599189,156.313,26.8662,0.00693494,310.526,-89.0688,29.9573,0.66501
465,150.609,25.1557,0.00546946,300.877,-89.9707,29.9308,0.654993,160.18,27.0725,0.00768241,321.381,-88.2942,30,0.681655,155.79,26.0741,0.00591349,309.446,-91.8572,28.0724,0.621071,157.583,28.1701,0.00905188,331.162,-87.1714,30,0.703746,151.1,25.0049,0.00548171,291.005,-91.1309,25.9157,0.604261,156.143,26.8419,0.00669304,311.995,-89.1826,30,0.669201
466,150.771,25.1021,0.00509695,298.043,-89.7721,29.9834,0.654316,159.991,27.0777,0.00706929,320.981,-88.0972,30,0.676187,154.294,25.8743,0.00582821,311.568,-92.079,28.0673,0.615827,158.182,27.9928,0.00947796,331.385,-87.0271,30,0.69693,152.125,24.8298,0.00534809,288.903,-90.8687,25.997,0.602511,156.031,26.8346,0.00723537,311.333,-88.7579,30,0.672536
467,150.504,24.8623,0.00466422,298.284,-90.1081,29.9921,0.654979,159.862,27.0905,0.0076934,318.818,-88.2649,30,0.682003,155.997,25.9434,0.00639636,309.528,-91.8864,28.0295,0.61553,157.157,27.8083,0.00887083,330.983,-87.1963,30,0.697888,152.594,25.1194,0.00577541,290.099,-91.1293,26.0928,0.596861,155.58,26.8736,0.00717421,310.745,-88.9085,29.9747,0.666002
468,150.822,25.0031,0.00490697,300.355,-90.1843,29.8898,0.649055,159.454,26.8977,0.00789251,320.123,-88.0099,30,0.684515,154.224,26.1334,0.00608402,308.585,-92.1217,27.9947,0.621912,157.485,28.014,0.00918467,329.795,-86.7822,30,0.699707,152.946,24.8302,0.00500336,289.523,-90.9393,26.0388,0.599764,155.25,26.8682,0.00735215,311.472,-88.8957,30,0.670977
469,149.406,24.9713,0.00519589,300.149,-90.2889,30,0.653448,159.521,27.0466,0.00792324,318.384,-87.9982,30,0.679102,155.671,25.9523,0.00556366,308.263,-92.2744,27.9727,0.622184,157.407,28.0586,0.00918709,329.021,-86.9397,30,0.699666,151.673,25.0477,0.00597785,289.707,-91.065,25.9893,0.595762,156.106,26.9315,0.00662142,309.865,-89.298,29.9705,0.666057
470,149.049,25.1298,0.00541625,298.831,-89.9764,29.9334,0.649936,159.873,26.9076,0.00770039,318.506,-88.2682,30,0.681659,154.997,25.9871,0.00599741,309.748,-92.0643,27.9999,0.620285,158.384,28.0845,0.00887763,329.654,-87.0758,30,0.699534,152.779,25.0785,0.00589866,290.837,-90.7174,26.0407,0.604636,155.316,26.821,0.00707913,311.934,-89.0494,29.9136,0.670215
471,150.298,24.9261,0.00521477,301.9,-89.7618,29.9375,0.648267,159.743,26.9578,0.00710032,321.048,-88.0808,30,0.684269,154.049,26.1954,0.00621002,310.082,-92.0663,28.0056,0.618246,158.245,27.8372,0.00912112,329.101,-87.2894,30,0.700784,151.853,24.8289,0.00589334,290.446,-91.2306,26.0033,0.599973,155.121,27.0427,0.00730833,310.996,-89.1782,30,0.668425
472,150.893,24.8287,0.00498621,300.388,-90.1514,30,0.651269,159.036,27.0433,0.00749148,318.784,-87.7026,30,0.677925,155.082,25.9266,0.0062755,311.721,-92.0847,28.0917,0.619984,157.793,28.1754,0.0090104,329.87,-86.8965,30,0.698248,152.864,25.0714,0.00582664,289.084,-90.9737,26.1414,0.598187,155.321,27.0044,0.00688782,308.638,-88.7669,30,0.670686
473,150.549,25.1436,0.00520098,298.177,-90.2054,29.8713,0.645099,159.612,26.9569,0.00724103,318.258,-87.9821,30,0.68296,154.016,26.137,0.00645475,310.865,-91.8598,28.1301,0.617091,158.989,28.1094,0.00922657,329.444,-86.9725,30,0.701203,152.41,24.833,0.00535565,289.736,-91.1436,25.9018,0.596389,155.733,26.9974,0.00656298,311.786,-88.8409,30,0.666729
474,150.208,25.0119,0.00548247,300.991,-89.9545,30,0.646551,159.03,27.0761,0.00709831,318.462,-87.8532,30,0.681286,155.835,25.9266,0.00571714,308.426,-92.2217,27.8687,0.615876,157.864,27.9283,0.00920656,331.481,-86.8291,30,0.696024,152.42,24.9451,0.00508565,291.37,-91.0971,25.9155,0.603715,156.804,26.9356,0.0068548,310.319,-88.8599,29.8689,0.670933
475,150.906,24.9048,0.00540883,301.801,-90.1385,30,0.647388,160.475,27.119,0.00724721,320.863,-87.8127,30,0.676677,154.184,26.0302,0.0064781,311.292,-92.0385,28.011,0.617795,157.326,27.9928,0.0089635,330.088,-86.7283,30,0.701058,151.256,25.1986,0.00577284,291.509,-91.0514,26.0006,0.600221,155.388,27.0758,0.00740298,308.655,-89.2482,30,0.667732
476,150.248,25.0783,0.00482191,301.261,-89.97,30,0.652633,160.737,26.8081,0.00724351,318.36,-88.0348,30,0.679675,155.699,25.9309,0.00583957,311.582,-92.0445,28.0869,0.617366,158.898,28.0298,0.00925932,328.358,-87.0044,30,0.70377,151.094,24.9215,0.00544332,288.689,-90.862,25.9054,0.598466,156.327,26.9928,0.00723857,311.845,-89.2301,30,0.667303
477,149.829,24.8131,0.00463591,299.279,-90.0948,30,0.652418,160.944,27.0396,0.00724171,319.311,-88.1081,30,0.68173,155.062,25.9542,0.00564909,308.089,-92.1687,27.8822,0.622854,157.225,28.0897,0.00888566,328.294,-86.8124,30,0.697358,152.789,24.8181,0.00520182,291.008,-90.8744,25.9368,0.59562,156.716,26.9255,0.00669571,310.064,-88.7539,29.8631,0.672658
478,150.145,24.9702,0.00524408,301.863,-90.1625,29.8931,0.654129,160.338,26.9752,0.00757326,320.982,-87.8362,30,0.679268,154.587,26.0559,0.00591573,310.378,-92.048,27.8959,0.619694,158.382,28.1197,0.00899333,328.661,-87.0512,30,0.699129,152.393,25.0029,0.00524122,291.185,-91.2495,26.0075,0.597089,155.134,27.0012,0.00699956,310.828,-88.8531,30,0.669096
479,150.263,25.0308,0.00492156,300.389,-89.7317,29.9079,0.654058,159.107,26.9234,0.00728815,320.505,-88.2213,30,0.683286,155.304,25.9834,0.00643296,311.323,-92.0004,28.0606,0.620669,158.176,27.9324,0.00896208,328.312,-87.0856,30,0.704532,152.926,25.0223,0.00560662,288.743,-90.8828,25.8712,0.597847,156.337,26.9241,0.00654985,311.327,-89.1138,29.8689,0.665748
480,149.504,24.8712,0.0052743,299.287,-89.8172,29.9022,0.649929,160.376,27.0608,0.00760113,321.699,-88.1629,30,0.68384,154.156,25.8224,0.0057333,310.532,-92.1441,27.9071,0.619588,158.227,27.8994,0.00880069,330.454,-86.7326,30,0.702829,151.734,24.9089,0.00545427,291.229,-91.0262,26.104,0.604888,155.144,26.8182,0.00664959,309.537,-89.2214,30,0.665231
481,149.632,24.8739,0.00543154,300.678,-89.7528,30,0.649971,159.469,26.8775,0.00722292,320.834,-88.2757,30,0.681081,155.284,26.0661,0.00587188,311.224,-91.9798,27.8816,0.622971,158.906,27.824,0.00889135,329.95,-87.2121,30,0.697841,152.566,25.0684,0.00559805,288.769,-91.1676,25.8642,0.597407,155.691,27.1333,0.00686639,311.018,-89.0363,30,0.674763
482,149.48,25.1449,0.00512182,301.269,-89.909,29.9772,0.647281,159.14,27.0142,0.00799033,320.952,-88.1036,30,0.68269,154.563,25.8057,0.00561816,311.509,-91.7981,27.9386,0.617852,158.586,28.1751,0.00927914,330.422,-87.1544,30,0.697335,152.616,24.9548,0.0058337,289.526,-90.8055,25.95,0.599401,156.231,26.8281,0.00744821,310.294,-88.9953,30,0.673658
483,150.045,25.1709,0.00456474,298.453,-89.9419,29.9562,0.649642,159.656,26.9619,0.00782265,320.374,-87.7016,30,0.677737,154.529,25.9344,0.00634326,308.109,-92.1619,28.1215,0.621399,157.454,27.8877,0.00936262,331.575,-87.1463,30,0.703346,152.542,25.1256,0.0055184,291.646,-91.1044,25.897,0.602087,156.079,27.1418,0.00658116,311.375,-89.124,30,0.665401
484,150.219,25.0869,0.00486875,298.862,-89.9774,30,0.648235,159.505,26.9116,0.00794913,319.437,-88.2978,30,0.681993,154.257,26.194,0.00610806,310.003,-92.0707,28.1196,0.61744,157.572,27.849,0.00925912,330.382,-86.9346,30,0.701512,152.531,24.9432,0.00580135,289.395,-90.8451,25.8601,0.600512,156.939,27.1925,0.00678175,309.766,-89.2622,30,0.670686
485,149.77,24.8451,0.00544677,300.121,-90.1302,29.9551,0.647707,160.204,27.172,0.00785669,319.842,-87.8041,30,0.677523,155.967,25.9216,0.00582372,311.959,-92.2196,28.0782,0.624358,158.024,27.801,0.00887506,328.446,-87.0503,30,0.699387,151.864,25.0227,0.00558169,291.425,-91.115,26.0965,0.600659,155.601,26.9181,0.00686114,310.491,-89.1615,30,0.670749
486,150.84,24.8186,0.00484261,298.091,-90.1366,30,0.645366,159.872,26.847,0.00741684,321.355,-87.9262,30,0.678491,155.889,26.0837,0.0059218,309.706,-91.7488,28.0229,0.622064,157.834,27.8895,0.00922356,330.431,-86.9992,30,0.697083,152.588,25.1793,0.0058911,289.286,-91.0564,26.0925,0.600951,156.096,27.1707,0.00703602,310.06,-89.2748,29.8708,0.665074
487,150.826,24.9634,0.00496856,301.382,-89.9345,30,0.647965,160.668,26.8663,0.00705315,318.766,-88.1394,30,0.681705,154.436,26.0707,0.00559113,308.589,-91.9947,28.1266,0.623596,158.938,28.0602,0.00917581,330.5,-86.9263,30,0.700437,151.772,24.977,0.0055236,288.514,-91.0843,25.869,0.604797,155.237,26.9034,0.00739129,309.931,-89.2186,29.9653,0.666159
488,149.4,24.8208,0.00493823,301.227,-89.9484,30,0.647006,159.688,27.1381,0.00708786,321.432,-88.0098,30,0.67818,154.678,26.1006,0.006285,308.919,-91.7163,27.8753,0.615685,158.191,28.0891,0.00946089,329.62,-87.2848,30,0.697897,151.866,24.9954,0.00506451,289.944,-91.0442,26.0638,0.601457,155.37,26.8825,0.00675101,308.716,-88.9057,30,0.671521
489,150.213,24.964,0.00481258,301.644,-89.7186,29.999,0.647902,160.54,26.853,0.00776559,321.276,-88.2251,30,0.684855,155.873,25.9984,0.00574607,310.328,-92.048,27.9118,0.619237,158.328,27.8284,0.00883342,328.071,-86.8503,30,0.695627,152.929,24.809,0.00558996,291.105,-90.8273,25.8603,0.604064,156.837,27.0246,0.00698208,308.179,-88.9628,29.9728,0.672728
490,149.808,25.0734,0.00460141,298.532,-90.2162,29.8637,0.650413,160.588,27.0442,0.00757495,320.722,-88.0962,30,0.678143,155.424,25.8647,0.00551303,310.385,-91.7346,28.0328,0.622829,158.346,27.999,0.00921839,331.296,-87.1652,30,0.697237,151.904,25.154,0.00534521,289.498,-90.7838,26.0046,0.600354,156.722,26.9962,0.00718156,308.343,-89.1928,29.9713,0.669948
491,150.931,25.1883,0.0053512,299.262,-89.7216,30,0.648929,160.403,26.8066,0.00714615,321.319,-87.9127,30,0.680007,155.81,26.0526,0.00589815,308.481,-92.1238,28.1435,0.619374,157.944,27.9994,0.0093841,330.416,-86.8838,30,0.695291,152.862,25.1797,0.00594915,291.775,-90.8109,26.0554,0.603445,156.201,26.8537,0.00689122,311.885,-89.0893,30,0.665932
492,149.668,24.9404,0.0045516,298.476,-90.1841,30,0.645634,159.597,26.8041,0.00769563,320.481,-87.913,30,0.677083,155.441,26.1244,0.0056386,309.947,-92.1508,27.9004,0.622343,158.076,27.8865,0.00881,331.867,-86.7908,30,0.6996,152.248,24.9507,0.00507771,289.604,-90.9436,25.9361,0.60348,155.302,26.9469,0.0066249,309.619,-89.2762,29.9318,0.669007
493,149.956,25.0175,0.00477499,300.092,-89.9946,29.9449,0.653302,160.091,26.9329,0.00794734,321.38,-87.7104,30,0.678782,154.562,26.0653,0.00648082,310.507,-91.771,27.9487,0.61907,158.813,28.1027,0.00948141,331.099,-87.0309,30,0.704005,152.103,24.9022,0.00543562,290.065,-91.242,26.0731,0.596094,155.81,27.1218,0.00696757,311.368,-89.0949,30,0.667095
494,149.077,25.149,0.0052522,298.928,-89.7092,30,0.654511,160.01,26.9887,0.00744914,319.34,-87.9798,30,0.675367,154.521,25.8852,0.00636744,310.395,-91.8418,28.137,0.62144,158.965,27.9247,0.00868627,329.613,-87.0175,30,0.700599,151.584,25.0971,0.00550583,288.649,-90.9539,26.1234,0.603426,156.174,26.9508,0.00658698,309.879,-88.8488,29.9581,0.667354
495,150.863,25.1286,0.00513828,298.547,-90.2131,29.881,0.651163,159.231,27.1371,0.00799296,319.465,-88.0278,30,0.684372,155.788,25.823,0.00566907,311.018,-91.8867,27.89,0.620021,158.562,27.8875,0.00937129,328.212,-86.8307,30,0.698152,152.442,25.1129,0.0059339,289.471,-90.8884,26.0308,0.600252,156.781,26.8013,0.00678211,310.153,-89.193,30,0.671476
496,149.956,25.1259,0.00495089,300.235,-90.2983,29.9597,0.646388,160.379,26.9916,0.00730176,319.871,-88.1742,30,0.67554,155.731,26.0045,0.00611895,309.21,-91.72,27.9346,0.620889,158.987,28.1524,0.00903633,331.961,-86.8792,30,0.699056,151.669,24.9376,0.00576046,290.337,-91.2771,26.1132,0.597968,156.994,27.1817,0.00744053,311.245,-89.1676,30,0.667243
497,149.519,25.0444,0.00454083,301.878,-89.7488,29.9642,0.650154,159.932,27.1529,0.0076886,319.112,-88.0319,30,0.684593,154.351,25.8358,0.00638062,311.587,-91.777,28.0033,0.621597,158.127,27.8278,0.00909583,328.054,-87.105,30,0.69804,152.88,24.9001,0.00531456,290.514,-90.843,26.0004,0.603821,155.08,27.1689,0.00669631,311.537,-89.0595,30,0.671717
498,149.352,25.1672,0.00474552,298.977,-89.8115,29.8818,0.64722,160.007,27.1322,0.00714748,320.191,-87.8733,30,0.684356,155.569,26.0611,0.00593362,308.448,-91.8742,28.1478,0.622368,157.033,27.9985,0.00911465,330.759,-86.8682,30,0.697234,152.884,25.0787,0.00523684,289.289,-90.7468,26.1162,0.599051,155.077,26.8194,0.00678392,310.516,-88.9495,30,0.672173
499,149.038,24.842,0.00485948,298.619,-90.2548,30,0.653153,160.505,27.1268,0.00766586,320.941,-88.1369,30,0.676832,154.429,25.9156,0.00647533,311.953,-91.8231,28.0387,0.620201,158.941,28.0782,0.00944473,329.266,-87.0997,30,0.696499,152.892,25.003,0.00592641,289.347,-90.8704,25.9949,0.601268,156.009,27.1868,0.00719211,309.005,-88.7542,29.9382,0.668716
500,149.204,25.16,0.00478611,299.036,-89.7478,30,0.646411,160.539,27.1652,0.00707851,321.301,-87.9715,30,0.679929,155.396,25.8136,0.00626271,308.133,-92.0268,27.8953,0.623236,157.627,27.9816,0.00892875,331.09,-87.0113,30,0.695735,151.383,25.0206,0.00594709,288.299,-91.2741,25.897,0.601412,155.798,27.1302,0.00657193,308.786,-89.12,30,0.671852
501,149.248,25.1775,0.00484104,300.853,-89.9855,29.9168,0.653462,160.636,26.9584,0.00758861,319.031,-87.8861,30,0.683441,154.435,25.8059,0.00576851,308.764,-91.995,27.9111,0.622632,157.483,28.0828,0.00907847,331.945,-86.7001,30,0.7026,151.773,25.1013,0.00595668,288.094,-90.9773,25.9154,0.600579,155.933,27.0303,0.00705096,311.84,-88.9687,30,0.668198
502,149.876,24.9882,0.00477873,299.519,-89.9409,30,0.651364,159.704,26.9263,0.00761162,318.531,-88.1482,30,0.675726,154.487,25.8078,0.00574541,310.62,-92.2633,27.981,0.624131,158.583,27.9222,0.00942481,329.319,-87.2565,30,0.7037,151.932,25.0666,0.00567123,288.778,-91.18,25.9909,0.604116,155.02,27.113,0.00655753,309.913,-88.9173,30,0.665585
503,149.837,25.0335,0.00456605,298.54,-89.9018,30,0.646618,160.07,27.1651,0.00701559,320.571,-88.2558,30,0.676507,154.846,26.1209,0.00578179,310.503,-92.0533,27.9203,0.620142,158.595,28.133,0.00934652,329.354,-86.8239,30,0.702384,152.897,24.8055,0.00544036,290.591,-90.8789,25.9028,0.604722,156.231,26.8657,0.00652052,311.133,-89.2522,29.8923,0.670748
504,150.207,25.0748,0.00489351,301.096,-89.7154,29.9313,0.65203,160.857,27.0745,0.00768111,318.895,-87.9789,30,0.682001,155.994,25.8135,0.00556523,308.312,-91.8542,27.8909,0.621225,157.649,27.9829,0.00871566,331.464,-86.9483,30,0.700746,151.248,24.8683,0.00598907,290.902,-91.2704,26.0611,0.599122,155.614,26.8616,0.0073399,308.255,-89.1261,29.9419,0.666609
505,150.016,24.8047,0.00480098,301.735,-90.1137,29.9581,0.649732,160.123,27.1235,0.00719032,321.487,-87.8455,30,0.675868,154.043,26.0376,0.00636313,310.338,-92.1721,27.8772,0.621996,158.444,27.869,0.00852819,329.633,-86.9504,30,0.703099,152.221,24.8444,0.00568258,291.937,-90.7566,26.1115,0.598022,156.502,27.1404,0.00717833,309.002,-88.7277,29.9852,0.666298
506,149.22,25.059,0.00493771,298.378,-89.8558,30,0.652254,159.405,27.0759,0.00701072,319.22,-88.0607,30,0.678904,154.023,25.9409,0.00599892,311.796,-91.7354,27.9043,0.616851,157.327,28.1156,0.00850602,328.509,-86.9772,30,0.695924,151.72,24.9097,0.0055111,291.917,-91.2254,25.9618,0.60432,156.754,26.9577,0.00719895,308.351,-88.8725,30,0.670375
507,149.997,24.8749,0.00513379,300.362,-89.9088,29.8578,0.650487,160.19,26.883,0.00720833,319.105,-87.873,30,0.683458,154.591,26.1648,0.00624371,309.58,-92.2428,27.9271,0.624568,157.621,27.932,0.00868959,331.227,-87.1346,30,0.699143,151.867,24.9645,0.00550374,291.258,-90.8084,26.0895,0.596011,156.599,26.8481,0.00662472,311.791,-88.8084,30,0.67375
508,150.979,25.0443,0.0051129,301.018,-90.1607,29.9001,0.652596,159.69,26.854,0.00731488,319.435,-87.7209,30,0.680309,155.938,26.1613,0.006012,311.623,-92.0574,27.9191,0.617327,158.325,28.0004,0.00915895,330.744,-87.2866,30,0.700327,151.382,25.053,0.00555219,290.343,-91.1185,26.042,0.603295,156.996,27.1354,0.0070575,308.774,-88.8911,30,0.667119
509,149.512,24.8596,0.00523672,299.626,-90.2624,30,0.650577,159.662,26.9376,0.00729025,319.822,-88.0978,30,0.682735,155.349,25.9178,0.00602874,311.361,-92.2591,27.8735,0.620562,158.278,27.8846,0.00924522,330.585,-86.746,30,0.702514,151.167,25.0261,0.0055519,289.554,-90.7933,25.8513,0.600202,155.434,27.0974,0.00654307,311.326,-88.7971,30,0.666526
510,150.261,24.8057,0.00534796,300.892,-89.9813,30,0.645943,160.057,26.9165,0.00797262,321.428,-87.86,30,0.678468,155.802,25.9301,0.0062328,310.946,-92.289,27.9583,0.615194,158.994,27.8489,0.00904281,331.162,-87.1792,30,0.701074,151.32,25.1114,0.00529934,288.844,-90.965,25.9731,0.604203,156.76,26.9933,0.00685926,309.302,-89.1395,30,0.67305
511,149.622,24.876,0.00497548,298.276,-89.8792,30,0.649964,159.601,27.1619,0.00709049,321.479,-88.074,30,0.682288,154.208,26.1326,0.00618218,308.129,-92.2198,28.0407,0.621626,158.493,28.0881,0.00915952,331.065,-86.9549,30,0.704124,151.036,24.9466,0.00572887,289.709,-91.2851,25.8698,0.601486,156.93,27.0207,0.00700676,309.273,-89.146,29.8563,0.66773
512,149.898,24.8792,0.00458735,300.871,-89.7632,30,0.65118,159.106,27.0963,0.0071101,320.679,-87.8324,30,0.684519,155.476,26.0773,0.00576174,311.699,-92.1923,28.1215,0.618127,157.26,28.1307,0.0085025,331.328,-87.1426,30,0.701915,152.332,24.9461,0.0050594,291.32,-91.1975,25.9617,0.601004,155.965,26.8795,0.00664062,308.493,-88.7822,29.8595,0.67477
513,149.397,24.8441,0.00507697,298.32,-89.9385,30,0.645479,160.6,26.9578,0.00715949,318.704,-87.7487,30,0.683668,155.088,25.8156,0.00596448,311.27,-91.8643,27.9966,0.6236,157.241,28.164,0.00934644,330.833,-86.8093,30,0.701752,152.121,24.9422,0.00556886,289.03,-91.0358,25.9342,0.596229,155.644,27.1408,0.00688108,310.992,-89.1949,29.9773,0.666149
514,149.277,25.047,0.00510748,298.853,-90.0153,30,0.646742,159.038,27.0608,0.0070535,321.92,-87.9342,30,0.6793,155.146,25.8362,0.00643002,310.503,-92.1896,28.0188,0.616333,157.035,28.0522,0.00914848,330.335,-87.1899,30,0.695565,152.218,25.0216,0.00565525,291.582,-90.7898,26.1442,0.604762,156.545,27.1826,0.00736728,310.91,-89.2548,29.8647,0.673376
515,149.979,25.1258,0.00481292,299.591,-89.8799,30,0.645878,160.723,27.1172,0.00731554,319.421,-88.2721,30,0.67977,154.191,25.8776,0.00634677,310.284,-91.9198,27.9062,0.623287,158.736,28.0093,0.00941256,331.379,-86.8612,30,0.696054,151.542,24.8267,0.00500868,288.633,-90.7717,25.922,0.604702,156.195,26.8949,0.00699713,308.876,-88.7096,30,0.665262
516,150.896,25.0884,0.00458238,300.683,-89.9118,29.9156,0.652584,159.174,26.9958,0.00700992,321.875,-87.8491,30,0.678417,154.321,26.1066,0.0055589,311.362,-91.7347,28.053,0.61713,157.72,27.9909,0.00910462,330.675,-86.9675,30,0.703909,151.163,24.9865,0.00577556,288.243,-90.8768,26.0959,0.601608,155.026,26.8721,0.00684211,308.935,-88.7224,30,0.66797
517,150.859,25.0962,0.00478461,299.516,-90.1803,30,0.650173,160.792,26.9386,0.00786084,318.216,-87.7107,30,0.678632,155.549,26.1009,0.00640125,309.229,-92.0207,28.1095,0.622786,157.787,28.1383,0.00854695,331.128,-87.1759,30,0.699932,151.899,25.0082,0.00554478,289.326,-91.1949,26.0805,0.599,156.012,27.0579,0.00740964,310.83,-89.2727,30,0.674894
518,149.945,25.1878,0.00504733,299.838,-90.1012,30,0.647298,159.21,26.8109,0.00729238,319.583,-87.9688,30,0.684841,154.583,25.9764,0.00560328,309.043,-92.271,28.0179,0.622511,157.391,27.9472,0.00851662,331.358,-86.832,30,0.698649,152.911,24.9568,0.00552621,289.421,-90.9423,26.1434,0.604975,156.549,26.9617,0.00699443,309.427,-88.7087,30,0.669489
519,149.024,25.0082,0.00548393,300.092,-90.1905,29.8566,0.648547,160.836,27.1986,0.00794537,320.918,-87.9651,30,0.68039,155.414,25.9675,0.0061692,308.486,-92.1406,28.1008,0.624037,158.078,27.8127,0.00942697,330.808,-87.0516,30,0.699298,151.931,25.1547,0.00516108,288.415,-91.2984,25.9442,0.596474,155.44,26.8045,0.0067272,309.331,-89.2811,30,0.670688
520,149.194,25.038,0.00549865,301.778,-90.2984,30,0.648536,159.127,26.9184,0.00732174,320.093,-87.9033,30,0.677459,154.644,25.9234,0.00586274,311.999,-91.8332,28.1425,0.621931,157.813,27.9559,0.00898858,329.667,-86.803,30,0.697956,152.55,25.1418,0.00542043,290.671,-91.2647,26.0088,0.59545,155.058,27.0452,0.00680334,310.97,-88.7624,29.8918,0.672245
521,150.029,24.8448,0.00515159,300.438,-89.9906,30,0.650211,160.981,27.0037,0.00711585,319.882,-88.1906,30,0.681931,154.937,25.8391,0.00596864,308.326,-91.8907,28.0871,0.624624,157.298,28.013,0.00906754,331.69,-86.9236,30,0.699364,152.31,25.0801,0.00586307,288.722,-90.7291,25.8677,0.604838,156.716,27.0641,0.007235,308.291,-89.2751,29.8805,0.665874
522,150.095,24.8862,0.00536021,299.783,-89.8827,30,0.648199,159.486,26.937,0.00779666,320.345,-88.1479,30,0.675548,155.398,25.9756,0.00623129,311.71,-91.85,27.9826,0.61651,158.613,27.9843,0.00857531,330.876,-87.1249,30,0.704028,151.966,24.9124,0.00571639,291.544,-91.2998,26.0564,0.60267,155.42,26.9958,0.00658929,310.987,-88.7915,29.8825,0.673165
523,150.543,24.9388,0.00519029,298,-89.7409,30,0.651203,160.329,27.0245,0.00785676,320.439,-87.7553,30,0.676711,155.827,26.0727,0.00619924,311.942,-92.2549,27.9786,0.617391,158.261,28.1227,0.00946631,329.818,-86.8283,30,0.701833,151.485,25.0431,0.00596995,291.95,-90.9146,26.1161,0.597003,155.492,27.1812,0.00663524,308.764,-89.0477,30,0.671038
524,149.584,25.1682,0.0054151,299.568,-90.0394,30,0.65163,159.765,26.9657,0.00734804,318.942,-88.0251,30,0.68242,155.558,25.9499,0.00626464,308.026,-92.0138,28.0882,0.6213,157.948,28.0579,0.00940695,330.266,-86.8201,30,0.702056,152.147,24.815,0.00537448,290.262,-90.8217,25.9814,0.604601,155.544,27.0978,0.00691903,309.944,-88.8185,29.9389,0.665968
525,150.041,25.0115,0.00529717,301.873,-90.2668,30,0.651813,160.972,27.177,0.00771245,320.087,-88.2031,30,0.680851,155.45,26.0542,0.00621412,309.717,-91.8634,27.8931,0.616626,157.326,28.1563,0.00857603,331.206,-87.1599,30,0.70416,152.172,24.884,0.00528409,291.682,-91.0437,26.0261,0.599599,155.757,26.8893,0.00718619,310.873,-89.1351,30,0.673545
526,150.841,24.8645,0.00480392,301.441,-90.1809,29.851,0.653708,159.653,26.9658,0.00744633,321.393,-88.0973,30,0.681169,155.055,25.9302,0.00574371,310.496,-92.0319,28.1232,0.619916,158.024,27.9667,0.00928926,329.699,-87.1384,30,0.700968,152.183,25.0443,0.00571884,289.252,-91.2797,26.0932,0.596289,156.444,26.8329,0.00687531,308.252,-88.9867,30,0.666714
527,149.743,25.1721,0.00494239,301.21,-89.7437,30,0.653983,159.635,27.185,0.0078124,321.349,-88.2909,30,0.682781,155.536,25.8326,0.00573257,311.849,-91.9996,27.9694,0.623399,157.175,27.9668,0.0088757,329.399,-87.1154,30,0.696729,152.281,25.1678,0.00550885,289.192,-91.2045,26.099,0.604715,155.698,26.9164,0.00710149,311.101,-89.0268,30,0.672165
528,150.921,24.866,0.00549738,299.569,-89.8661,30,0.649867,160.396,26.9583,0.00712611,319.956,-87.9869,30,0.684356,154.455,25.9637,0.00565493,310.143,-92.1154,27.9968,0.617246,157.108,28.1117,0.00914109,329.363,-87.2715,30,0.696698,152.861,24.9914,0.00534039,290.967,-90.7739,25.9612,0.599073,155.866,27.1689,0.00719256,308.991,-89.189,29.9191,0.667636
529,149.46,25.0634,0.00461593,299.549,-89.925,29.9373,0.645653,159.164,26.8504,0.00783584,320.631,-88.2613,30,0.677786,155.156,26.0091,0.00598112,309.258,-92.2173,28.0727,0.623799,158.888,27.8234,0.00923991,330.906,-86.7317,30,0.702422,151.109,25.0525,0.00535085,291.076,-90.782,25.9594,0.600256,155.235,26.9668,0.0068608,308.732,-88.7633,29.8944,0.671357
530,150.78,25.1648,0.00529324,298.705,-89.8095,29.933,0.654224,160.418,27.1141,0.00708503,320.331,-87.8073,30,0.675286,155.878,25.8173,0.00611452,310.774,-92.2356,27.8644,0.622849,157.769,27.8428,0.00926267,331.397,-86.9476,30,0.695152,152.402,25.0201,0.0056508,291.253,-91.0395,25.8874,0.6044,156.091,27.0461,0.00743341,311.726,-88.9567,29.9393,0.674971
531,150.362,24.9634,0.00505984,299.663,-89.767,29.9947,0.653235,160.68,27.1297,0.00772219,321.42,-88.0677,30,0.683425,154.996,25.851,0.00561531,308.637,-91.8494,28.0633,0.617038,158.694,27.9125,0.00929299,329.955,-86.8611,30,0.698471,152.683,24.8141,0.00597474,290.593,-91.0405,26.0384,0.596227,156.028,27.194,0.00673527,310.889,-89.039,30,0.667049
532,149.941,25.192,0.00469529,300.546,-89.9546,30,0.651151,160.004,26.8068,0.0079001,321.308,-88.1955,30,0.682705,155.96,26.1805,0.00639936,308.633,-91.7513,28.1135,0.618769,157.789,27.984,0.00915618,329.043,-87.2862,30,0.699401,151.564,25.1058,0.00510669,291.67,-90.7628,26.1226,0.602396,155.214,26.9753,0.00663141,311.951,-89.1002,30,0.672794
533,150.841,25.1022,0.0051745,299.864,-89.9368,29.8782,0.653839,160.088,26.8161,0.0079199,319.957,-87.7788,30,0.683158,154.123,25.8988,0.00637555,311.596,-92.0252,27.982,0.616751,158.937,27.8853,0.00869094,330.643,-87.1543,30,0.695109,151.012,25.002,0.00548806,288.653,-91.0033,25.9735,0.603903,155.019,27.1905,0.00712439,308.607,-89.2719,30,0.667349
534,149.602,24.8981,0.00515017,300.214,-90.2532,30,0.652912,159.162,27.1559,0.00757831,321.802,-88.2111,30,0.681443,155.135,26.0061,0.00552365,311.759,-91.9136,27.8775,0.61521,157.102,28.0438,0.00911402,329.999,-87.1159,30,0.700163,151.039,24.913,0.00505319,291.601,-90.8649,26.1488,0.598022,156.757,27.0412,0.00695313,308.89,-88.857,30,0.667353
535,149.351,25.0785,0.00547697,301,-90.1293,29.976,0.648843,160.704,27.1085,0.00758898,319.1,-87.7372,30,0.684705,155.16,26.1285,0.00631311,309.349,-91.7216,27.8566,0.622687,158.931,27.9356,0.00914811,330.249,-86.8431,30,0.70103,152.632,24.9249,0.00522859,289.723,-90.8934,25.9062,0.601804,155.788,27.1182,0.00653684,310.672,-88.9101,30,0.672134
536,150.593,25.1618,0.00517505,299.161,-89.7781,30,0.649244,160.421,27.1471,0.00797565,321.809,-88.1048,30,0.676095,154.495,26.153,0.00586085,310.482,-91.9004,28.0845,0.616828,157.61,27.9793,0.00886484,331.932,-86.799,30,0.703793,151.695,25.1143,0.00522368,291.089,-91.0261,25.8822,0.597733,155.805,27.0997,0.00657298,310.638,-88.8704,30,0.672607
537,149.356,25.0348,0.00544114,300.443,-89.9332,30,0.648332,160.401,27.1665,0.0070109,321.48,-88.1688,30,0.683523,155.648,26.1568,0.00644042,309.789,-91.9062,27.9671,0.618507,157.863,28.0972,0.00900144,331.256,-86.8529,30,0.701302,151.873,24.9827,0.00581837,290.19,-90.7686,26.0638,0.600528,156.509,26.8153,0.00652708,308.333,-89.0375,29.9206,0.674843
538,150.085,25.065,0.00477882,299.287,-90.0987,30,0.649737,160.035,27.0368,0.00776881,318.361,-87.8339,30,0.681691,154.655,25.9638,0.00573117,311.917,-92.0018,28.1488,0.619898,157.44,28.003,0.0085396,331.619,-86.8089,30,0.701098,152.16,25.1987,0.005278,291.119,-90.9512,26.1428,0.603278,156.997,27.0353,0.00670454,310.015,-88.8733,30,0.665005
539,150.01,24.8941,0.00537491,298.612,-89.9001,29.9298,0.648565,160.881,26.8962,0.007095,318.277,-87.9972,30,0.678273,155.381,25.8244,0.00635733,311.266,-91.7087,28.131,0.618562,157.799,28.0984,0.00863408,329.256,-87.2289,30,0.70052,151.422,24.8107,0.00571936,288.08,-90.716,25.9165,0.601639,155.87,26.8239,0.00697218,310.067,-88.7872,30,0.665793
540,149.418,24.9248,0.00461641,299.828,-89.7094,30,0.652419,160.366,27.14,0.00721572,321.015,-87.7712,30,0.678468,155.94,26.1123,0.00578259,310.256,-92.0574,27.997,0.618552,157.559,28.0699,0.00927854,331.496,-87.2068,30,0.697548,151.855,25.1606,0.0054545,288.788,-91.2041,25.9919,0.602627,156.994,27.115,0.00737701,310.991,-88.7627,29.8729,0.674299
541,149.793,25.1686,0.00457573,300.861,-89.8586,30,0.652689,159.765,27.0229,0.00736655,318.784,-88.1509,30,0.680488,155.812,26.1651,0.00555476,308.32,-92.1529,27.9265,0.615949,157.777,28.0351,0.00907816,330.174,-87.0968,30,0.703265,151.693,24.8342,0.00529633,288.549,-91.0196,25.8968,0.599628,155.442,27.0955,0.00652757,310.219,-89.1983,29.8503,0.673692
542,122.722,40.1844,0.014371,337.274,-90.016,20.7689,1,159.49,26.9593,0.00732912,321.085,-87.7501,30,0.682977,155.974,26.0789,0.00625105,311.931,-92.2958,28.0402,0.62239,158.836,28.1535,0.00934196,331.783,-86.9776,30,0.695111,152.089,24.9741,0.00545125,289.602,-90.7494,25.9578,0.603562,156.806,26.9998,0.00694694,311.044,-88.8752,29.9486,0.666025
543,121.909,40.1973,0.0140016,335.875,-89.9174,20.9294,1,160.853,27.1137,0.00772788,319.656,-88.1051,30,0.684054,154.904,25.8036,0.00629253,309.14,-92.2941,28.0915,0.620174,158.37,28.1659,0.00904117,330.013,-87.1256,30,0.702965,151.898,24.8654,0.00509453,289.892,-91.021,26.046,0.599711,155.287,27.0031,0.00740679,308.638,-88.8861,30,0.672486
544,121.68,40.5215,0.0143279,338.216,-90.152,20.8649,1,159.795,26.9536,0.0076578,318.374,-87.8586,30,0.676906,155.328,25.8393,0.00647184,311.474,-91.9242,28.0957,0.623876,157.519,28.1398,0.00869479,329.653,-86.965,30,0.695301,151.581,25.0434,0.00535737,291.1,-90.909,25.9203,0.596459,156.258,26.9802,0.00666896,309.305,-89.1182,29.8824,0.670469
545,122.907,40.375,0.0145332,335.338,-90.0386,20.8259,1,160.392,27.0916,0.00765143,318.377,-87.8828,30,0.684935,155.387,26.0747,0.00601481,311.472,-91.7019,28.0837,0.621125,157.158,28.0907,0.00920856,331.102,-87.2253,30,0.697957,152.521,24.8961,0.00568398,289.18,-91.2946,26.04,0.596133,156.319,27.1702,0.00746925,308.944,-88.8144,29.9561,0.674005
546,122.954,40.1744,0.0141141,336.177,-89.8289,20.7662,1,160.205,27.1903,0.00793778,319.711,-87.8659,30,0.683989,154.136,25.9208,0.00582023,309.738,-92.1984,27.9989,0.621632,157.995,28.0663,0.00856644,331.504,-86.7366,30,0.703814,151.263,25.119,0.00511915,289.632,-91.1057,26.0257,0.598015,156.275,26.947,0.00736079,310.536,-89.1708,29.9508,0.673474
547,122.152,40.3592,0.0143559,336.219,-90.1236,20.7857,1,159.568,26.8248,0.00730397,319.283,-87.7229,30,0.682874,154.091,25.8426,0.00631454,310.494,-92.1854,27.9714,0.620387,158.687,27.8242,0.00909672,330.868,-86.7133,30,0.697762,152.419,25.1053,0.00572974,291.281,-90.7578,25.8795,0.596048,156.593,26.9009,0.00655854,309.605,-88.8081,29.888,0.671718
548,121.386,40.1888,0.0140578,335.162,-89.7925,20.9023,1,159.485,27.0093,0.00718419,319.125,-87.9904,30,0.675947,154.593,26.1706,0.00592912,311.755,-91.7052,28.008,0.61788,158.582,27.8637,0.00875205,331.14,-87.0398,30,0.701511,152.466,24.85,0.00527698,288.885,-91.0721,26.079,0.602137,156.325,26.8025,0.00664214,308.893,-89.1368,29.8939,0.669103
549,121.53,40.4449,0.0144946,337.125,-90.2462,20.9101,1,159.405,27.0819,0.00784194,320.159,-88.106,30,0.680123,154.801,26.1719,0.00624388,308.965,-91.9487,28.0566,0.616402,157.717,28.1622,0.00906717,328.868,-87.2263,30,0.700477,151.669,25.0522,0.00506868,288.581,-90.9722,25.8685,0.603809,155.284,27.0696,0.0068912,309.599,-88.8411,29.9998,0.672257
550,122.39,40.382,0.0144676,337.257,-89.9306,20.8799,1,159.753,27.0308,0.00708627,319.435,-88.0528,30,0.680134,155.462,25.8076,0.00596449,311.605,-92.1654,27.8595,0.619334,158.409,27.9818,0.00895998,330.679,-87.1474,30,0.696531,151.792,25.0624,0.00582837,291.166,-90.867,25.9577,0.596223,155.434,27.1459,0.00735733,311.806,-89.2544,30,0.671487
551,122.801,40.4024,0.0144769,336.266,-90.1923,20.7045,1,159.701,26.8367,0.00732149,320.513,-87.7633,30,0.677527,154.268,25.8772,0.00647099,310.198,-92.1905,28.1022,0.618952,158.798,27.9043,0.00889322,330.02,-86.7644,30,0.700744,151.444,24.9613,0.00597563,290.431,-90.8313,25.985,0.60032,155.858,27.0812,0.00735147,310.029,-89.0115,29.9521,0.666771
552,123.258,40.2713,0.0145076,337.689,-89.8254,20.9241,1,160.796,26.8671,0.00762671,321.089,-88.137,30,0.682785,155.662,25.9252,0.00618161,309.217,-91.8566,27.9889,0.620975,157.832,27.8648,0.00867803,328.31,-86.9292,30,0.695208,151.132,24.983,0.00573772,288.631,-91.137,25.9196,0.598991,155.45,26.941,0.00722854,310.444,-89.2513,30,0.669771
553,123.248,40.2606,0.0144331,337.751,-90.1671,20.9141,1,160.358,26.8583,0.0072578,320.344,-88.1086,30,0.67874,155.281,25.9949,0.00550461,310.599,-92.0467,27.9525,0.615941,157.441,27.8895,0.00943537,329.73,-87.2748,30,0.69579,152.178,24.8746,0.00549856,289.48,-90.8177,25.9461,0.599583,156.443,26.9733,0.00729322,310.647,-89.0537,30,0.674672
554,122.702,40.5069,0.0138857,336.761,-89.7548,20.7399,1,159.194,27.1611,0.00744521,318.295,-87.7723,30,0.675223,154.272,26.0636,0.00647781,308.446,-92.0228,27.9042,0.62245,157.236,27.8959,0.00869641,330.21,-86.7761,30,0.695582,152.127,25.119,0.00513216,288.291,-91.1873,26.0738,0.600917,156.081,26.8998,0.00683224,311.864,-89.1556,30,0.670805
555,121.626,40.3318,0.0146555,336.502,-89.782,20.72,1,160.688,27.1683,0.00748582,320.559,-88.2982,30,0.677787,154.187,25.9119,0.00582112,311.875,-91.8988,27.9778,0.624881,157.306,27.9904,0.00914706,328.222,-86.8698,30,0.696403,151.319,25.1716,0.00568324,290.622,-90.9667,25.9378,0.601209,155.82,26.8582,0.0071896,308.518,-89.1856,30,0.671601
556,122.641,40.3121,0.0141032,337.589,-89.856,20.7962,1,160.911,26.965,0.00782062,320.173,-87.9929,30,0.68074,155.801,26.1121,0.00628632,308.64,-92.0849,27.92,0.618159,158.159,27.9459,0.0090607,329.754,-87.128,30,0.703918,151.023,24.8007,0.0058268,291.987,-90.8637,25.8546,0.597267,156.944,27.1234,0.0070668,308.947,-89.2914,29.8563,0.67112
557,121.423,40.5423,0.0138903,337.67,-90.207,20.8051,1,160.534,27.034,0.00708617,321.394,-87.9718,30,0.684166,155.841,25.8311,0.00562096,311.951,-92.0074,27.9215,0.622697,157.529,28.0909,0.00933729,331.137,-87.1356,30,0.699133,151.983,24.8669,0.00545247,290.043,-90.981,26.096,0.600173,155.462,27.0653,0.00729731,309.277,-88.9128,29.8941,0.668419
558,123.198,40.5094,0.0142822,337.637,-89.7876,20.9307,1,160.123,26.9663,0.00707198,319.691,-87.8256,30,0.683924,154.103,26.0109,0.00560742,308.803,-91.7599,27.999,0.622585,157.129,27.9667,0.00917424,328.534,-87.1045,30,0.701513,152.942,25.1308,0.00597462,291.382,-90.7869,26.0232,0.600183,155.813,27.1272,0.00668207,308.225,-88.7313,29.8511,0.674768
559,122.837,40.2763,0.0144047,338.099,-90.1528,20.8744,1,159.499,26.8168,0.00720412,318.803,-88.2609,30,0.6788,155.769,25.9009,0.00595323,310.556,-91.7735,28.0074,0.618735,158.734,27.9241,0.00857942,329.78,-86.8289,30,0.700859,152.189,25.1714,0.00528646,289.115,-91.0357,25.9571,0.602363,156.284,27.1036,0.00732004,311.692,-89.0414,30,0.667157
560,122.808,40.3585,0.0145238,336.735,-89.8296,20.9221,1,160.552,26.8269,0.00720496,321.897,-87.8841,30,0.67867,154.089,25.9477,0.00599891,308.846,-92.1961,28.0025,0.620859,157.48,28.035,0.00940034,329.893,-86.7856,30,0.695924,151.192,24.9904,0.0055881,289.704,-91.1041,26.0423,0.595021,156.936,26.8928,0.0074171,308.436,-89.1571,29.9205,0.674962
561,121.388,40.4007,0.0145766,337.517,-90.0824,20.9306,1,159.868,27.0293,0.00796752,321.93,-88.0301,30,0.67802,154.744,25.8659,0.00570918,310.627,-91.9935,27.9193,0.619029,157.746,28.1949,0.00935357,329.552,-86.7517,30,0.701679,152.933,24.9561,0.00567988,289.184,-91.1402,26.0222,0.604793,155.906,27.1751,0.00741436,309.015,-89.0589,30,0.67018
562,121.571,40.5423,0.0144596,336.578,-89.9291,20.6694,1,160.862,27.1586,0.00733738,320.125,-87.8816,30,0.675649,155.011,26.0407,0.00550584,308.382,-92.1756,27.9544,0.620411,157.588,27.9105,0.00936935,328.58,-87.0027,30,0.70125,152.434,24.9725,0.00501993,290.585,-90.9208,25.8831,0.599622,156.831,26.882,0.0069611,309.844,-88.8135,30,0.672593
563,122.11,40.1737,0.0140564,337.547,-89.8784,20.9326,1,160.265,27.0157,0.00715062,319.845,-87.9731,30,0.678665,155.96,26.0169,0.00574247,308.767,-92.215,27.9859,0.615219,157.89,28.1954,0.00917011,331.039,-87.2286,30,0.697862,152.788,24.8725,0.00545873,290.352,-90.9916,26.0991,0.597315,155.755,27.1168,0.00702807,309.608,-89.2823,30,0.674722
564,122.62,40.4875,0.0142238,335.754,-90.2913,20.8391,1,160.564,27.0779,0.00798795,320.041,-88.0437,30,0.679769,155.746,25.817,0.0064779,311.973,-91.9413,27.9495,0.61723,157.553,27.82,0.00897511,328.229,-86.8689,30,0.696994,152.09,25.1895,0.00569513,289.967,-90.8339,26.0712,0.603917,155.409,27.1436,0.00680103,311.764,-89.1314,30,0.674638
565,121.67,40.5347,0.0137926,335.702,-90.0335,20.9412,1,160.101,27.0778,0.00796829,321.133,-88.1655,30,0.675976,155.289,25.8723,0.0057574,311.552,-92.1039,28.02,0.618976,157.148,27.9451,0.00890807,331.583,-87.1053,30,0.702829,152.518,25.1193,0.00595377,291.182,-91.0554,26.0965,0.600087,155.555,26.9212,0.00672384,308.58,-89.1893,29.869,0.673885
566,123.241,40.3796,0.0145474,335.562,-89.759,20.795,1,159.283,26.9236,0.00704356,319.237,-88.264,30,0.677657,155.989,25.8942,0.00573919,310.747,-91.7844,27.9661,0.623756,157.68,27.8788,0.00882964,330.437,-87.0797,30,0.697369,152.402,24.939,0.00545587,290.231,-90.8883,25.9216,0.603359,156.444,26.8936,0.00747497,310.659,-89.0285,29.8973,0.670332
567,121.709,40.3167,0.0141156,337.707,-90.1846,20.8896,1,159.888,27.1089,0.00762539,319.232,-88.0683,30,0.680948,154.665,26.0903,0.00607979,308.583,-92.1138,27.9164,0.618903,158.032,28.0027,0.00925452,328.757,-86.7321,30,0.698002,152.37,25.1222,0.00537847,290.987,-90.7698,26.08,0.595342,156.655,27.1098,0.00716929,311.04,-88.7123,29.9793,0.665672
568,122.301,40.1634,0.0140012,337.175,-90.1142,20.8487,1,159.841,27.1601,0.00707984,321.36,-87.8029,30,0.677987,154.61,26.1246,0.00633165,309.319,-91.9444,27.8917,0.619688,158.998,27.8635,0.00944756,331.297,-86.7167,30,0.697135,151.034,25.0899,0.00564409,288.712,-90.8253,25.9398,0.59635,155.845,26.8364,0.00676324,309.485,-88.7889,30,0.669428
569,122.828,40.3723,0.0140478,337.731,-89.8899,20.8288,1,160.366,26.9538,0.00786908,318.649,-87.7697,30,0.67625,155.2,25.9504,0.0063155,309.723,-91.8989,27.9425,0.617095,157.776,28.0427,0.00915695,330.313,-86.7072,30,0.704315,151.236,24.8245,0.00531099,288.546,-90.9845,26.0057,0.60075,156.49,27.1885,0.00737826,308.473,-89.0969,29.9267,0.666768
570,122.469,40.3662,0.0139342,337.675,-89.8603,20.6494,1,160.78,27.0081,0.00734763,319.015,-88.154,30,0.683172,154.173,25.9169,0.00554568,311.126,-92.2764,27.9425,0.620733,157.819,27.9129,0.00877519,331.191,-86.7156,30,0.695391,151.073,25.1037,0.00555237,291.134,-90.8815,26.1223,0.603858,156.577,26.9901,0.00680813,310.028,-88.9988,30,0.666861
571,122.69,40.3275,0.0143271,335.786,-90.0394,20.7061,1,159.976,26.89,0.00704121,320.703,-88.1712,30,0.680337,154.578,26.0631,0.00577522,311.281,-92.1151,28.1465,0.621051,158.689,27.8291,0.0088483,330.95,-86.907,30,0.698562,151.527,25.0453,0.00534457,289.236,-91.1756,25.9727,0.596955,156.925,26.8618,0.0074133,309.714,-89.0733,29.9194,0.671358
572,122.75,40.3319,0.0137626,338.502,-89.7118,20.7724,1,159.901,26.9288,0.00707732,319.824,-87.809,30,0.680821,155.762,25.887,0.00568326,311.089,-92.1469,27.9076,0.61878,157.785,28.1496,0.00911844,329.624,-86.9794,30,0.696132,151.415,25.185,0.00595732,288.709,-91.2129,25.9763,0.595497,156.31,26.831,0.00655803,309.941,-88.7253,29.978,0.668565
573,123.375,40.3576,0.0140822,336.371,-90.183,20.7968,1,159.542,26.8642,0.00731124,320.035,-88.265,30,0.684477,155.086,25.8254,0.00619309,308.247,-91.8567,28.075,0.621511,158.464,27.8352,0.00922678,328.547,-87.0963,30,0.700029,152.935,24.8356,0.00547756,288.25,-90.9219,25.8736,0.596754,155.518,27.0995,0.00666396,311.387,-89.2209,29.8606,0.66895
574,123.338,40.189,0.0138086,337.832,-90.1127,20.8583,1,159.92,26.9061,0.00745153,321.076,-87.8428,30,0.684284,154.528,25.8961,0.00611381,310.485,-92.2721,28.0323,0.618744,158.495,28.1232,0.00905215,328.007,-86.9182,30,0.69749,151.929,25.1863,0.00529812,288.893,-91.1735,26.0176,0.604498,156.217,26.9213,0.00713857,310.499,-88.9418,29.8978,0.671346
575,122.24,40.1523,0.0142467,338.785,-90.0902,20.9328,1,160.465,26.8457,0.00727357,320.283,-87.9443,30,0.681153,155.187,26.1649,0.00595216,308.901,-92.2029,27.97,0.622128,157.085,27.8516,0.00860611,330.341,-87.1543,30,0.700928,152.523,24.9329,0.0055782,288.392,-90.7389,25.9511,0.604975,156.957,27.1115,0.00652007,310.174,-89.2479,30,0.672896
576,123.324,40.3882,0.0142291,336.904,-90.0681,20.7837,1,160.866,27.0384,0.00785712,321.451,-87.9887,30,0.681396,154.892,25.8326,0.00587781,311.976,-92.2709,28.059,0.623412,158.297,28.0279,0.00920755,329.717,-87.2452,30,0.699323,152.331,25.0125,0.00505467,291.811,-90.8245,25.8947,0.604816,156.474,26.9889,0.00711137,308.427,-88.9638,29.8721,0.670449
577,122.485,40.4946,0.014432,335.826,-89.7669,20.8151,1,159.338,27.1431,0.00793097,321.1,-87.7355,30,0.683611,154.978,25.8656,0.0061688,310.736,-92.1278,27.8582,0.616998,157.8,27.867,0.00869403,329.566,-86.7229,30,0.698197,152.903,25.0583,0.00545545,289.873,-91.0536,25.9199,0.598866,156.056,27.0112,0.00726174,309.435,-88.8699,30,0.674618
578,122.15,40.5053,0.0145276,337.378,-89.9073,20.6685,1,159.214,27.0253,0.00733007,319.719,-87.9339,30,0.679576,155.975,26.0371,0.00566055,308.76,-91.8703,27.8651,0.619803,157.296,27.9733,0.00924992,329.835,-87.2019,30,0.698675,151.139,25.0337,0.00560753,288.249,-91.0586,25.9742,0.598338,156.115,26.9384,0.00691641,311.19,-89.2027,30,0.670056
579,121.989,40.4359,0.0142581,336.737,-89.8994,20.8838,1,160.259,27.1498,0.00700109,320.121,-88.1712,30,0.68032,155.494,25.9649,0.00617011,309.959,-92.0377,27.9371,0.618826,157.7,28.0585,0.00861602,328.371,-86.904,30,0.699302,151.305,24.9644,0.00578973,291.558,-90.8785,25.868,0.601704,155.482,26.9261,0.00669587,311.103,-88.9108,30,0.67168
580,121.853,40.3227,0.0143402,337.374,-89.8249,20.7292,1,159.88,27.0681,0.00745572,321.794,-88.1924,30,0.680765,154.345,25.8264,0.00629914,308.63,-92.1881,28.1435,0.622173,157.501,28.0364,0.00903411,331.378,-86.8624,30,0.697115,152.28,24.8161,0.00506894,290.854,-91.2853,26.0239,0.603404,155.76,26.8179,0.00721385,311.719,-88.8697,30,0.6673
581,121.41,40.4227,0.0139379,338.26,-90.0202,20.8023,1,160.559,27.0571,0.00793843,321.929,-87.7319,30,0.682056,155.327,25.8415,0.00577148,308.023,-92.2176,27.9818,0.616465,158.803,28.1223,0.00857161,328.996,-86.8086,30,0.704455,152.995,25.1905,0.00541014,289.001,-90.845,25.9398,0.603064,156.068,27.1176,0.00677588,310.032,-88.9616,30,0.667666
582,123.253,40.4668,0.0144378,337.975,-89.9367,20.7163,1,160.733,27.0901,0.0072132,320.46,-88.0315,30,0.680319,154.563,25.8385,0.00596696,310.36,-92.2719,27.9706,0.617577,157.061,27.8503,0.00863903,328.731,-86.818,30,0.696471,151.201,24.9192,0.00579802,289.458,-91.2041,25.9712,0.600553,155.059,27.0511,0.0068951,308.039,-88.8957,30,0.671288
583,122.063,40.3567,0.0140941,337.63,-89.9499,20.6676,1,160.374,26.9483,0.00787579,321.372,-88.1949,30,0.679409,155.447,26.1256,0.00600511,309.596,-91.7507,27.9193,0.61757,157.723,28.1438,0.00943879,328.88,-86.7817,30,0.704706,152.195,24.8028,0.00503413,288.59,-91.1875,26.0803,0.597228,156.938,27.0544,0.00719252,308.871,-88.7644,30,0.673644
584,123.292,40.1951,0.0138035,338.041,-89.7803,20.8182,1,160.305,26.9223,0.00723839,319.953,-88.1703,30,0.684566,155.68,26.1767,0.00630633,309.419,-91.8128,28.1269,0.62447,158.366,27.8845,0.00853973,328.589,-86.7207,30,0.70355,151.93,25.0643,0.00502414,288.999,-91.0382,26.0392,0.596715,156.529,26.9458,0.00731744,308.392,-88.8921,29.938,0.672954
585,122.184,40.411,0.0146412,334.91,-90.2933,20.8742,1,159.586,26.9978,0.00704194,318.77,-88.0453,30,0.679797,155.173,26.1495,0.00580882,310.803,-91.783,27.9108,0.618565,158.96,28.1933,0.00872323,328.266,-87.1374,30,0.69941,152.238,25.1598,0.00533035,291.4,-91.2439,25.8626,0.60004,155.119,26.957,0.00739678,308.966,-88.8764,29.9407,0.665449
586,150.113,25.1339,0.00490947,300.469,-89.76,30,0.646939,160.467,27.0008,0.00774597,319.978,-88.2232,30,0.679921,155.036,26.1516,0.00639484,309.814,-92.0266,28.0046,0.620196,158.901,28.0598,0.00877746,330.126,-86.9237,30,0.700853,151.355,24.8134,0.00533784,289.71,-91.2629,26.0945,0.598441,156.827,26.8618,0.00655693,309.929,-89.1865,30,0.665103
587,149.825,25.1707,0.00488442,298.372,-90.1183,29.9994,0.646852,159.933,27.1345,0.00787262,318.197,-88.2035,30,0.680949,154.722,26.1376,0.00621667,308.402,-91.9253,27.8839,0.61755,157.356,27.8692,0.0091164,330.254,-87.1944,30,0.699218,151.194,24.8482,0.00558389,291.916,-90.9568,26.1347,0.599441,155.872,27,0.00719743,309.47,-88.7817,29.8588,0.669398
588,150.022,25.0428,0.00477607,299.71,-90.0093,30,0.652735,160.476,26.9366,0.00799945,321.395,-88.144,30,0.67814,154.905,26.1403,0.00627836,311.405,-92.1368,28.028,0.617832,157.218,28.0737,0.008643,330.671,-86.9112,30,0.696396,152.567,25.1997,0.00585104,291.007,-90.9027,25.9765,0.602305,156.448,27.0526,0.00729628,309.795,-89.2272,30,0.66765
589,149.769,24.807,0.00488279,301.235,-89.9744,29.8529,0.649698,159.583,26.991,0.00740469,321.728,-88.2753,30,0.68351,155.918,25.8711,0.0060313,308.174,-92.0005,27.8876,0.623379,157.228,28.0053,0.0090211,331.887,-86.907,30,0.697408,151.256,25.1026,0.00569076,290.44,-91.2755,26.0788,0.601419,156.928,27.0349,0.00680395,309.526,-89.1945,30,0.672077
590,149.401,24.8634,0.004577,301.648,-90.1602,29.9532,0.647805,159.827,27.0856,0.0078706,318.73,-87.8882,30,0.684805,154.598,25.8029,0.00601564,308.603,-92.2733,28.0595,0.622323,157.921,28.0708,0.00903824,330.519,-86.942,30,0.696996,151.537,24.976,0.00544613,291.098,-91.0796,25.8988,0.597515,155.429,27.0927,0.00697034,310.835,-89.0503,30,0.674835
591,150.34,25.1455,0.00500793,301.738,-89.801,30,0.651231,160.558,27.0171,0.00725912,319.419,-87.7636,30,0.680915,154.745,25.9547,0.00638457,311.415,-91.9407,27.9319,0.619755,157.817,27.9414,0.00860279,330.172,-87.1189,30,0.698192,151.862,24.8209,0.00599254,290.03,-91.2855,26.0124,0.603704,156.545,27.0804,0.00663946,310.631,-88.8402,30,0.673927
592,149.554,24.8969,0.00536957,300.502,-90.2991,29.9559,0.653579,159.055,26.8013,0.00728126,321.656,-87.7591,30,0.680532,154.664,25.8975,0.00631522,308.425,-92.0076,28.0403,0.616037,158.039,28.031,0.0092425,328.939,-87.124,30,0.704831,151.435,25.1944,0.00571434,291.304,-91.2462,25.9401,0.595577,155.743,27.1925,0.00660527,310.249,-89.2964,30,0.666972
593,149.259,24.9348,0.00527104,298.426,-90.1621,29.8525,0.654684,160.184,27.088,0.00765138,318.577,-87.943,30,0.679012,155.138,26.0236,0.00561907,308.138,-91.8211,28.0678,0.615818,157.255,28.157,0.00926913,331.985,-87.1476,30,0.697365,152.246,24.8462,0.00512724,288.288,-90.8838,25.9982,0.601177,156.759,27.0961,0.00696172,311.937,-89.0262,29.8837,0.674927
594,149.046,25.02,0.0048091,300.014,-89.9648,29.922,0.650569,160.512,26.9066,0.00738343,319.073,-87.8077,30,0.683712,154.34,25.8294,0.00561938,308.644,-91.9802,28.1413,0.618572,158.917,27.8153,0.00942687,328.725,-86.7525,30,0.704482,151.402,24.9211,0.00549094,289.523,-90.8995,26.1424,0.601064,156.443,26.8352,0.00712781,309.815,-88.7685,29.9665,0.671795
595,149.456,24.9037,0.00487612,299.216,-90.1477,29.8649,0.653367,159.129,27.1549,0.00712547,318.261,-87.9622,30,0.679912,155.149,25.9148,0.00616295,310.01,-92.0992,28.098,0.622277,157.787,28.139,0.00942026,330.147,-87.171,30,0.696895,151.097,24.931,0.00572697,291.693,-90.9176,26.1356,0.595924,155.122,27.0417,0.00746612,310.011,-89.2691,29.9164,0.667448
596,149.676,24.8174,0.00540489,300.062,-89.8974,29.8702,0.645541,160.173,27.1549,0.00752848,321.511,-87.8134,30,0.67702,155.315,25.9774,0.0057907,309.675,-92.0329,28.1232,0.616035,157.559,28.015,0.00919829,330.523,-86.735,30,0.700571,151.429,24.9803,0.00569338,291.352,-90.7242,26.0316,0.600269,155.035,26.8288,0.00665611,308.219,-89.0595,29.9511,0.671374
597,150.071,25.0384,0.00497198,299.111,-89.7283,29.8759,0.654389,159.622,27.0051,0.00710884,318.284,-88.0423,30,0.677694,155.125,25.9115,0.00588861,311.626,-91.7865,28.0048,0.617381,157.386,28.1816,0.00870272,331.233,-87.0786,30,0.698682,151.703,25.055,0.00596152,291.905,-90.8757,26.0764,0.600634,156.512,27.1439,0.0069861,310.479,-88.9776,30,0.6739
598,149.711,24.8833,0.00495628,298.832,-90.001,30,0.651174,160.711,26.8665,0.00790087,320.407,-88.2809,30,0.684514,154.158,26.033,0.00641548,308.039,-91.9215,27.9925,0.61847,158.255,27.8211,0.00925306,328.018,-87.1158,30,0.69877,151.615,25.1323,0.00593483,291.495,-90.9865,26.1152,0.604209,155.818,26.9134,0.00659827,309.916,-88.7322,30,0.671676
599,149.226,24.8574,0.00496447,301.805,-90.0835,30,0.646203,160.234,27.0402,0.00785987,318.013,-88.186,30,0.6845,154.307,25.8148,0.00603446,310.114,-91.7936,28.1347,0.620385,158.86,28.0901,0.00876456,331.714,-86.8995,30,0.701802,151.803,24.8457,0.00571898,291.296,-90.8627,25.9187,0.604566,155.051,26.9331,0.00676009,308.193,-89.0566,30,0.673826
600,150.979,25.1232,0.00496868,300.895,-89.7938,29.9896,0.652851,159.965,26.9546,0.00752609,320.703,-87.8639,30,0.680713,155.82,26.1905,0.00572725,308.771,-91.894,27.9744,0.615242,157.694,28.1227,0.00929743,329.979,-87.0165,30,0.697194,152.052,24.8044,0.00547556,289.344,-90.8951,26.0415,0.598808,155.015,26.9009,0.00713335,308.289,-89.2354,30,0.672558
